标题,价格,评论,店名,详情页
【新品】学而思学习机二代中学生小学生学生平板 xPad2 Pro Max 14寸,8599.00,0,学而思电子教育旗舰店,https://item.jd.com/10094032919742.html
爱心东东HUWIMA PadPro 2023新款骁龙888平板电脑16G+512G超高清4K全面屏二合一 陶瓷白（七仓速发+双频5G全网通+强劲十核） 16+128G（分期免息+定制皮套键盘套装）,880.00,2万+,移晟电脑整机专营店,https://item.jd.com/10075331837102.html
爱心东东2023新款12+512G超薄十核安卓超清4K全面屏5G全网通娱乐办公二合一游戏网课第三星种电脑 流光银丨12+128G丨12英寸+定制原装鼠标键盘,399.00,10万+,超时空电脑办公专营店,https://item.jd.com/10058741790192.html
荣耀显通平板电脑通5GWiFi十核超清贴合屏网课学习游戏二合一教育Pad 曜石灰 新pad旗舰版16G+256G原装蓝牙键盘鼠标,1488.00,2万+,荣耀显通平板电脑官方旗舰店,https://item.jd.com/10071397976735.html
小米涂乐2023款平板电脑12英寸全网通5GWiFi十核超清全面屏网课学习游戏二合一教育Pad 冰霜银 新Pro旗舰16G+128G原装键盘鼠标,1088.00,1万+,小米涂乐平板电脑旗舰店,https://item.jd.com/10073602080383.html
荣耀平板V7 Pro 11英寸 128GB WIFI版 曙光蓝 2.5K 120Hz护眼全面屏 多屏协同 商务办公影音娱乐网课电脑,1099.00,10万+,荣耀京东自营旗舰店,https://item.jd.com/100025691592.html
学而思平板学习机点读机中学生小学生 2k高清10层类纸11英寸 6G+128G 128G,4599.00,1万+,学而思电子教育旗舰店,https://item.jd.com/10067575657125.html
HUAV平板电脑超清全面屏十核全网通5GWiFi商务办公影音游戏娱乐学习上网课二合一 星河蓝 新Pro旗舰12G+256G原装键盘鼠标,1188.00,2万+,HUAV平板电脑旗舰店,https://item.jd.com/10068135208242.html
Apple iPad（第 9 代）10.2英寸平板电脑 2021年款（64GB WLAN版/学习办公娱乐游戏/MK2K3CH/A）深空灰色,2599.00,200万+,Apple产品京东自营旗舰店,https://item.jd.com/100014352499.html
HUWIMA MatePad平板电脑二合一16+1TB骁龙888超清4K全面屏全网通5G办公游戏网课 白沙银【碎屏险/+免费试用+全网通5G】 旗舰版丨16+128G丨大礼包+键盘+分期免息,1120.00,2万+,简易生活数码时代电脑办公专营店,https://item.jd.com/10078433660741.html
爱心东东2023新款12+512G超薄十核安卓超清4K全面屏5G全网通娱乐办公二合一游戏网课第三星种电脑 流光银丨12+256G丨12英寸+定制原装鼠标键盘,1080.00,10万+,超时空电脑办公专营店,https://item.jd.com/10058741790194.html
联想（Lenovo）小新Pad 2024 轻薄机身 学测练丰富资源 高刷护眼 杜比全景声11英寸学习机 6+128灰色,799.00,5000+,联想京东自营旗舰店,https://item.jd.com/100078945886.html
MAXHUB V6领效会议平板新锐55/65英寸教学视频会议一体机 会议投屏触摸智慧屏 V6新锐版55吋【4K超清安卓11.0】,3799.00,1万+,云视通办公专营店,https://item.jd.com/10032915598267.html
爱心东东HUWIMA PadPro 2023新款骁龙888平板电脑16G+512G超高清4K全面屏二合一 深空蓝（七仓速发+双频5G全网通+强劲十核） 16+128G（分期免息+定制皮套键盘套装）,880.00,2万+,移晟电脑整机专营店,https://item.jd.com/10075331837106.html
华为平板电脑 MatePad 2023标准版 11.5英寸 120Hz护眼全面屏 HarmonyOS 3 学习娱乐8+128GB冰霜银,1699.00,10万+,华为京东自营官方旗舰店,https://item.jd.com/100058148818.html
华为HUAWEI MatePad 11英寸2023款 120Hz高刷护眼 鸿蒙HarmonyOS 移动办公娱乐电脑8GB+256GB WIFI曜石黑,2499.00,20万+,华为京东自营官方旗舰店,https://item.jd.com/100056011446.html
荣耀平板X8 Pro 11.5英寸 120Hz高刷2k护眼屏 多屏协同 娱乐影音办公学习平板电脑Pad 6+128GB WIFI 星空灰,999.00,5万+,荣耀京东自营旗舰店,https://item.jd.com/100061961341.html
小米平板6Pro(xiaomiPad) 11英寸 骁龙8+强芯 144Hz高刷护眼 2.8K超清 8+256GB 移动办公娱乐电脑 远山蓝,2649.00,10万+,小米京东自营旗舰店,https://item.jd.com/100056375405.html
微软Surface Pro 9 二合一平板电脑 i7/16G/512G,12988.00,2万+,微软京东自营官方旗舰店,https://item.jd.com/100042227579.html
华为平板电脑 MatePad 2023标准版 11.5英寸 120Hz护眼全面屏 HarmonyOS 3 学习娱乐8+128GB深空灰,1699.00,10万+,华为京东自营官方旗舰店,https://item.jd.com/100062559761.html
OPPO Pad平板 11英寸 2.5K 120Hz高刷护眼屏 骁龙870 8GB+128GB 耀夜黑 娱乐游戏 学生学习教育 办公电脑,1499.00,5万+,OPPO京东自营官方旗舰店,https://item.jd.com/100032575409.html
OPPO Pad Air2平板 11.4英寸 2.4K高清大屏 8000mAh 6GB+128GB深空灰 旗舰护眼体验办公学习娱乐游戏电脑,1199.00,1000+,OPPO京东自营官方旗舰店,https://item.jd.com/100074464269.html
vivo Pad Air 11.5英寸2.8K 144Hz超感原色屏 高通骁龙870 一碰互传 8G+128G 移动办公娱乐电脑 自在蓝,1459.00,2万+,vivo京东自营官方旗舰店,https://item.jd.com/100063261383.html
华为HUAWEI MatePad SE 2023 10.4英寸2K护眼全面屏 影音娱乐办公学习平板电脑6+128GB WiFi（海岛蓝）,1199.00,10万+,华为京东自营官方旗舰店,https://item.jd.com/100042807754.html
微软Surface Pro 9 二合一平板电脑 i5/8G/256G,6988.00,2万+,微软京东自营官方旗舰店,https://item.jd.com/100042227571.html
爱心东东HUWIMA PadPro 2023新款骁龙888平板电脑16G+512G超高清4K全面屏二合一 陶瓷白（七仓速发+双频5G全网通+强劲十核） 16+256G（分期免息+定制皮套键盘套装）,1080.00,2万+,移晟电脑整机专营店,https://item.jd.com/10075331837103.html
荣耀平板8 6+128GB WIFI版 曙光蓝 12英寸护眼全面屏 多屏协同 商务办公影音娱乐网课学习电脑Pad,999.00,20万+,荣耀京东自营旗舰店,https://item.jd.com/100028614703.html
Apple【教育优惠】iPad 10.2英寸平板电脑 2021款（64GB WLAN版/学习办公娱乐游戏/MK2K3CH/A）深空灰色,2439.00,200万+,Apple产品京东自营旗舰店,https://item.jd.com/100027743464.html
爱心东东HUWIMA PadPro 2023新款骁龙888平板电脑16G+512G超高清4K全面屏二合一 陶瓷白（七仓速发+双频5G全网通+强劲十核） 16+512G（分期免息+定制皮套键盘套装）,1280.00,2万+,移晟电脑整机专营店,https://item.jd.com/10075331837104.html
联想拯救者Y700 8.8英寸电竞平板骁龙8+Gen1 2.5K 144Hz DCI-P3色域游戏视野双X轴线性马达12+256GB WIFI灰,2399.00,5万+,联想京东自营旗舰店,https://item.jd.com/100063189475.html
