名称,图片链接,超链接
达刚控股 DGL5093GLQ-045 沥青洒布车,https://img.lmjx.net/zjupload/201705/29/20170523101016_68996.jpg!605x375.jpg,https://zj.lmjx.net/liqingsabuche/dagang/dgl5093glq045.2/
三一重工 SCM2000C-8S 2米铣刨机,https://zj-static.lmjx.net/upload/202108/24/1200w800h1629775933832231.jpg!605x375.jpg,https://zj.lmjx.net/xibaoji/sany/scm2000c8s/
达刚控股 DGL5310TFC-X105 微表处稀浆封层车,https://img.lmjx.net/zjupload/201812/67/20181224173509_54884.png!605x375.jpg,https://zj.lmjx.net/xijiangfengcengche/dagang/dgl5310tfcx105/
达刚控股 DGL5310TFC-T426 沥青碎石同步封层车,https://zj-static.lmjx.net/upload/202008/05/1200w800h1596623489307158.jpg!605x375.jpg,https://zj.lmjx.net/tongbufengcengche/dagang/dgl5310tfct426/
英达 PM500 热再生养护车,https://zj-static.lmjx.net/upload/202002/17/1200w800h1581908704150921.jpg!605x375.jpg,https://zj.lmjx.net/yanghucheqiangxiuche/freetech/pm500/
美通筑机 LMT5046GLQZ 【国六】智能型沥青洒布车,https://zj-static.lmjx.net/upload/202108/19/1080w720h1629360509950635.jpg!605x375.jpg,https://zj.lmjx.net/liqingsabuche/metong/lmt5046glqz/
维特根 W 50 HRi 国四冷铣刨机,https://zj-static.lmjx.net/upload/202212/05/1200w800h1670237997700630.jpg!605x375.jpg,https://zj.lmjx.net/xibaoji/wirtgen/w50hri/
美通筑机 LMT5316TFCX-H 【国六】微表处稀浆封层车,https://zj-static.lmjx.net/upload/202301/07/1023w681h1673087492360588.jpg!605x375.jpg,https://zj.lmjx.net/xijiangfengcengche/metong/lmt5316tfcxh/
美通筑机 LMT5316TFCTP-S 【国六】沥青碎石同步封层车,https://zj-static.lmjx.net/upload/202201/07/1200w900h1641554016557639.jpg!605x375.jpg,https://zj.lmjx.net/tongbufengcengche/metong/lmt5316tfctph1/
达刚控股 DGL5163TYH-054（国IV） 沥青路面养护车,https://img.lmjx.net/zjupload/201812/28/20181224173953_26353.png!605x375.jpg,https://zj.lmjx.net/yanghucheqiangxiuche/dagang/dgl5163tyh054iv/
高远圣工 HGY5111GLQD6 沥青洒布车,https://zj-static.lmjx.net/upload/202301/30/615w384h1675047782590350.png!605x375.jpg,https://zj.lmjx.net/liqingsabuche/gaoyuan/hgy5111glqd6/
卡特彼勒 PM102 轮式冷铣刨机,https://img.lmjx.net/zjupload/201612/88/20161202105019_84017.jpg!605x375.jpg,https://zj.lmjx.net/xibaoji/caterpillar/pm102.1/
高远圣工 HGY5313TFCST 智能加粘加纤稀浆封层车,https://zj-static.lmjx.net/upload/202301/30/1012w675h1675046516975358.jpg!605x375.jpg,https://zj.lmjx.net/xijiangfengcengche/gaoyuan/hgy5313tfcst/
高远圣工 HGY5317TFCS6 黄金甲纤维同步碎石封层车,https://zj-static.lmjx.net/upload/202301/30/1012w675h1675043775565179.jpg!605x375.jpg,https://zj.lmjx.net/tongbufengcengche/gaoyuan/hgy5317tfcst.5/
高远圣工 HGY5130TYH 路面养护车,https://zj-static.lmjx.net/upload/202301/30/1200w675h1675050198691114.jpg!605x375.jpg,https://zj.lmjx.net/yanghucheqiangxiuche/gaoyuan/hgy5130tyh1/
徐工 XLS1205 沥青洒布车,https://zj-static.lmjx.net/upload/202303/06/1000w667h1678092751459541.jpg!605x375.jpg,https://zj.lmjx.net/liqingsabuche/xcmg/xls1205/
高远圣工 手扶式铣刨机 ,https://zj-static.lmjx.net/upload/201906/26/300w201h1561544302867437.jpg!605x375.jpg,https://zj.lmjx.net/xibaoji/gaoyuan/sfsxbj/
徐工 XF1005 稀浆封层车,https://zj-static.lmjx.net/upload/202303/06/720w480h1678090635769703.jpg!605x375.jpg,https://zj.lmjx.net/xijiangfengcengche/xcmg/xf1005/
徐工 XWF1205 纤维同步封层车,https://zj-static.lmjx.net/upload/202303/06/1000w667h1678096499962352.jpg!605x375.jpg,https://zj.lmjx.net/tongbufengcengche/xcmg/xwf1205/
美通筑机 LMZ5182TYHB 【国六】储料式路面养护车,https://zj-static.lmjx.net/upload/202305/25/1200w800h1685000242982135.jpg!605x375.jpg,https://zj.lmjx.net/yanghucheqiangxiuche/metong/lmz5182tyhb/
浙江筑马机械 ZZM5250GLQ 15m3沥青洒布车,https://zj-static.lmjx.net/upload/202304/17/516w344h1681715731379435.jpg!605x375.jpg,https://zj.lmjx.net/liqingsabuche/zhuma/zzm5250glq/
徐工 XM200KII 铣刨机,https://zj-static.lmjx.net/upload/202004/24/750w600h1587721726749630.jpg!605x375.jpg,https://zj.lmjx.net/xibaoji/xcmg/xm200k2/
大连凯联 -美国VSS  MP-12D 稀浆封层、微表处施工设备,https://zj-static.lmjx.net/upload/202107/15/640w480h1626340874501211.jpg!605x375.jpg,https://zj.lmjx.net/xijiangfengcengche/kailian/vssmp12d/
威M特 TBS350 同步碎石封层机,https://img.lmjx.net/zjupload/201206/58/20120625135930_76500.jpg!605x375.jpg,https://zj.lmjx.net/tongbufengcengche/weite/tbs350/
徐工 DXA5033TYHD6 路面养护车,https://zj-static.lmjx.net/upload/202307/12/1000w667h1689130164573179.jpg!605x375.jpg,https://zj.lmjx.net/yanghucheqiangxiuche/xcmg/dxa5033tyhd6/
大连凯联 -美国百开 BCRS-502 CRC型智能橡胶沥青洒布车（单搅龙）,https://img.lmjx.net/zjupload/201106/62/20110603105009_49116.jpg!605x375.jpg,https://zj.lmjx.net/liqingsabuche/kailian/bcrs502crc/
陕建机 CM1001 铣刨机,https://zj-static.lmjx.net/upload/202302/15/1200w800h1676446186872485.jpg!605x375.jpg,https://zj.lmjx.net/xibaoji/shanjianji/cm1001/
威M特 MS9B 稀浆封层机,https://zj-static.lmjx.net/upload/202101/28/600w450h1611822109964508.jpg!605x375.jpg,https://zj.lmjx.net/xijiangfengcengche/weite/ms9b/
欧亚机械 EA5310TFCMC6Z1 (国VI) 同步碎石封层车,https://zj-static.lmjx.net/upload/202107/20/1184w728h1626746397990911.jpg!605x375.jpg,https://zj.lmjx.net/tongbufengcengche/ouya/ea5310tfcmc6z1vi/
易山重工 ESN5160TXB 滚筒式热再生综合养护车-一车多用-智能作业,https://zj-static.lmjx.net/upload/202204/29/800w600h1651219559172290.jpg!605x375.jpg,https://zj.lmjx.net/yanghucheqiangxiuche/esun/esn5160txb/
杭州市政 HZJ5050GLQ 沥青洒布车,https://zj-static.lmjx.net/www/userfiles/Image/cn_b_2_32.jpg!605x375.jpg,https://zj.lmjx.net/liqingsabuche/shuangjian/hzj5050glq/
柳工 CLG5100-2 铣刨机,https://zj-static.lmjx.net/upload/202311/06/1200w800h1699255644707561.jpg!605x375.jpg,https://zj.lmjx.net/xibaoji/liugong/clg510021/
VSS 小型 稀浆封层机,https://zj-static.lmjx.net/www/userfiles/Image/ProductMgmtResourceServlet(23).jpg!605x375.jpg,https://zj.lmjx.net/xijiangfengcengche/vss/6827/
陕汽 同步封层车 ,https://img.lmjx.net/zjupload/201208/78/20120821171416_59270.jpg!605x375.jpg,https://zj.lmjx.net/tongbufengcengche/shanqi/12642/
易路美 绿化 综合养护车,https://zj-static.lmjx.net/upload/202104/22/800w600h1619077363204637.jpg!605x375.jpg,https://zj.lmjx.net/yanghucheqiangxiuche/yilumei/lvhua/
新友 XY5165GLQ-2型 全自动沥青洒布车,https://img.lmjx.net/zjupload/201303/40/20130306115037_21716.gif,https://zj.lmjx.net/liqingsabuche/xinyou/xy5165glq2/
山推 SM200M-G HD 国四铣刨机,https://zj-static.lmjx.net/upload/202212/08/800w600h1670468629801715.jpg!605x375.jpg,https://zj.lmjx.net/xibaoji/shantui/sm200mghd/
新友 ND5310TFCD 北奔稀浆封层车,https://img.lmjx.net/zjupload/201506/81/20150608145251_95543.jpg!605x375.jpg,https://zj.lmjx.net/xijiangfengcengche/xinyou/nd5310tfcd/
新友 XY5315TFC 同步碎石封层车,https://img.lmjx.net/zjupload/201305/44/20130528095209_60457.jpg!605x375.jpg,https://zj.lmjx.net/tongbufengcengche/xinyou/xy5315tfc/
森远 AD5070TQX 公路护栏抢修车,https://img.lmjx.net/zjupload/201806/93/20180619163201_28147.jpg!605x375.jpg,https://zj.lmjx.net/yanghucheqiangxiuche/senyuan/ad5070tqx/
宜迅 YX-40 沥青洒布车,https://zj-static.lmjx.net/upload/202006/03/1440w1080h1591149651525962.jpg!605x375.jpg,https://zj.lmjx.net/liqingsabuche/yixun/yx401/
戴纳派克 Dynapac PL 1000 铣刨机,https://img.lmjx.net/zjupload/201807/84/20180704152824_85996.jpg!605x375.jpg,https://zj.lmjx.net/xibaoji/dynapac/dynapacpl1000.6/
维特根 WM 1000 稀浆搅拌机 ,https://img.lmjx.net/zjupload/201612/90/20161227170320_25783.jpg!605x375.jpg,https://zj.lmjx.net/xijiangfengcengche/wirtgen/wm1000/
河南鼎诚 HTN5315TFC 沥青纤维螺旋同步碎石封层车,https://zj-static.lmjx.net/upload/201910/09/764w534h1570616981135569.png!605x375.jpg,https://zj.lmjx.net/tongbufengcengche/dingcheng/htn5315tfc/
恒润高科 HHR5160LYH3DF 高速公路路面综合养护车,https://img.lmjx.net/zjupload/201108/45/13146945269330.jpg!605x375.jpg,https://zj.lmjx.net/yanghucheqiangxiuche/hengrungaoke/hhr5160lyh3df/
河南鼎诚 HTN5162GLQ 国五排放沥青洒布车,https://img.lmjx.net/zjupload/201810/22/20181009140250_43252.jpg!605x375.jpg,https://zj.lmjx.net/liqingsabuche/dingcheng/htn5162glq/
宝马格 BM 2000/68 CC 国四两米铣刨机,https://zj-static.lmjx.net/upload/202304/19/1200w800h1681871618290875.jpg!605x375.jpg,https://zj.lmjx.net/xibaoji/bomag/bm200068cc/
隆瑞机械 RFC40 含砂雾封层设备,https://img.lmjx.net/zjupload/201705/95/20170511100622_34574.jpg!605x375.jpg,https://zj.lmjx.net/xijiangfengcengche/longrui/rfc40/
浙江筑马机械 ZZM5310TFC 沥青碎石同步封层车,https://zj-static.lmjx.net/upload/202011/16/1200w900h1605497436111549.jpg!605x375.jpg,https://zj.lmjx.net/tongbufengcengche/zhuma/zzm5310tfc/
北方交通 KFM5163TYHRQ型 道路热再生养护车,https://zj-static.lmjx.net/upload/202201/07/448w330h1641544924873224.jpg!605x375.jpg,https://zj.lmjx.net/yanghucheqiangxiuche/northtraffic/kfm5163tyhrq/
欣融 AAA5185GLQ 9立方智能型沥青洒布车,https://zj-static.lmjx.net/upload/202102/26/1200w600h1614324947620936.jpg!605x375.jpg,https://zj.lmjx.net/liqingsabuche/xinrong/sls5160glq/
镇江路机 RM1000 路面铣刨机,https://zj-static.lmjx.net/upload/202002/28/1200w800h1582855072891076.jpg!605x375.jpg,https://zj.lmjx.net/xibaoji/luji/rm1000/
河南鼎诚 HTN5314TFC 纤维稀浆封层车,https://zj-static.lmjx.net/upload/201906/27/400w304h1561614927868393.jpg!605x375.jpg,https://zj.lmjx.net/xijiangfengcengche/dingcheng/htn5314tfc/
欣融 SLS5310TFC 沥青碎石同步封层车,https://zj-static.lmjx.net/upload/202102/26/600w450h1614323550327346.jpg!605x375.jpg,https://zj.lmjx.net/tongbufengcengche/xinrong/sls5310tfc/
欣融 移动服务车 养护车/抢修车,https://img.lmjx.net/zjupload/image/201207/32/f_1343628132840500.jpg!605x375.jpg,https://zj.lmjx.net/yanghucheqiangxiuche/xinrong/12447/
骏强 JQ5162GLQ 沥青洒布车,https://img.lmjx.net/zjupload/201504/73/20150429095006_33708.jpg!605x375.jpg,https://zj.lmjx.net/liqingsabuche/junqiang/jq5162glq/
宜迅 YX-350C 铣刨机,https://zj-static.lmjx.net/upload/202001/19/1200w800h1579428871418483.jpg!605x375.jpg,https://zj.lmjx.net/xibaoji/yixun/yx350c2/
达刚控股 DGL5310TFC 微表处稀浆封层车,https://img.lmjx.net/zjupload/201812/67/20181224173509_54884.png!605x375.jpg,https://zj.lmjx.net/xijiangfengcengche/dagang/dgl5310tfc/
骏强 JQXTS0812 加纤沥青碎石同步封层车,https://img.lmjx.net/zjupload/201406/92/20140609151441_22319.jpg!605x375.jpg,https://zj.lmjx.net/tongbufengcengche/junqiang/jqxts0812/
河南鼎诚 DCLY0635 路面多功能养护车,https://img.lmjx.net/zjupload/201702/91/20170222093208_15980.jpg!605x375.jpg,https://zj.lmjx.net/yanghucheqiangxiuche/dingcheng/dcly0635/
达刚控股 12000L 智能型沥青洒布车,https://img.lmjx.net/zjupload/201812/70/20181225142602_87632.png!605x375.jpg,https://zj.lmjx.net/liqingsabuche/dagang/12000l/
路霸 L-路霸QXY350C液压自行走柴油铣刨机 铣刨机,https://zj-static.lmjx.net/upload/201908/23/995w984h1566547117549527.png!605x375.jpg,https://zj.lmjx.net/xibaoji/roadbar/lqxy350c/
徐工 XF1003 稀浆封层车,https://zj-static.lmjx.net/upload/201904/19/1000w695h1555666269848032.jpg!605x375.jpg,https://zj.lmjx.net/xijiangfengcengche/xcmg/xf1003/
达刚控股 DGL5310TFC  -T405 沥青碎石同步封层车,https://img.lmjx.net/zjupload/201611/31/20161120195443_61519.jpg!605x375.jpg,https://zj.lmjx.net/tongbufengcengche/dagang/dgl5310tfct405/
隆瑞机械 LYL5112TXB 沥青路面热再生修补车,https://img.lmjx.net/zjupload/201705/14/20170511095406_38959.jpg!605x375.jpg,https://zj.lmjx.net/yanghucheqiangxiuche/longrui/lyl5112txb/
美通筑机 LMT5186GLQZ 【国六】智能型沥青洒布车,https://zj-static.lmjx.net/upload/202305/25/1200w800h1685000048042920.jpg!605x375.jpg,https://zj.lmjx.net/liqingsabuche/metong/lmt5186glqz1/
钢利科技 G50H型铣刨机 ,https://zj-static.lmjx.net/upload/201909/11/800w600h1568183718936692.jpg!605x375.jpg,https://zj.lmjx.net/xibaoji/ganglikeji/g500/
高远圣工 HGY5312TFCSF 纤维稀浆封层车,https://zj-static.lmjx.net/upload/202301/30/505w337h1675046799912699.jpg!605x375.jpg,https://zj.lmjx.net/xijiangfengcengche/gaoyuan/hgy5312tfc/
美通筑机 LMT5316TFCTP-H 【国六】沥青碎石同步封层车,https://zj-static.lmjx.net/upload/202108/17/1080w720h1629170282156362.jpg!605x375.jpg,https://zj.lmjx.net/tongbufengcengche/metong/lmt5316tfctph/
英达 PM390 热再生养护车,https://zj-static.lmjx.net/upload/202001/17/1200w800h1579249555080657.jpg!605x375.jpg,https://zj.lmjx.net/yanghucheqiangxiuche/freetech/pm390/
高远圣工 HGY5120GLQD6 沥青洒布车,https://zj-static.lmjx.net/upload/202301/30/769w513h1675048141988350.png!605x375.jpg,https://zj.lmjx.net/liqingsabuche/gaoyuan/hgy5120glqd6/
厦工 XG12120G 铣刨机,https://img.lmjx.net/zjupload/201609/15/20160919102052_51764.jpg!605x375.jpg,https://zj.lmjx.net/xibaoji/xgma/xg12120g/
美通筑机 LMT5256TFCX-H 【国六】微表处稀浆封层车,https://zj-static.lmjx.net/upload/202201/07/1200w900h1641554205744945.jpg!605x375.jpg,https://zj.lmjx.net/xijiangfengcengche/metong/lmt5256tfcxh/
高远圣工 HGY5317TFC 同步碎石封层车,https://zj-static.lmjx.net/upload/202301/30/1012w675h1675045066374062.jpg!605x375.jpg,https://zj.lmjx.net/tongbufengcengche/gaoyuan/hgy5317tfc/
达刚控股 DGL5250TYH-105（国V） 沥青路面养护车,https://img.lmjx.net/zjupload/201607/99/20160725100404_41912.jpg!605x375.jpg,https://zj.lmjx.net/yanghucheqiangxiuche/dagang/dgl5250tyh105v/
大连凯联 -美国百开 BC501 CRC型智能沥青洒布车,https://img.lmjx.net/zjupload/201504/42/20150422160453_66068.jpg!605x375.jpg,https://zj.lmjx.net/liqingsabuche/kailian/bc501crc/
万里 QLC 碎料清理车,https://img.lmjx.net/zjupload/201801/54/20180119143105_56889.jpg!605x375.jpg,https://zj.lmjx.net/xibaoji/wanli427/qlc/
威M特 MS9J 改性乳化沥青稀浆封层车,https://zj-static.lmjx.net/upload/202101/28/600w450h1611822270954638.jpg!605x375.jpg,https://zj.lmjx.net/xijiangfengcengche/weite/ms9j/
徐工 XTF1405 同步碎石封层车,https://zj-static.lmjx.net/upload/202203/10/700w487h1646910087099496.jpg!605x375.jpg,https://zj.lmjx.net/tongbufengcengche/xcmg/xtf1405/
徐工 XLY055T 沥青路面养护车,https://zj-static.lmjx.net/upload/202303/06/1000w667h1678095891486558.jpg!605x375.jpg,https://zj.lmjx.net/yanghucheqiangxiuche/xcmg/xly055t/
徐工 XLS305P 沥青洒布车,https://zj-static.lmjx.net/upload/202303/06/1000w667h1678092667892590.jpg!605x375.jpg,https://zj.lmjx.net/liqingsabuche/xcmg/xls305p/
天顺长城 S2277-3X 铣刨机,https://zj-static.lmjx.net/upload/202305/05/1200w800h1683265334781392.jpg!605x375.jpg,https://zj.lmjx.net/xibaoji/tianshunchangcheng/s22773x/
VSS CR-1000 连续式稀浆封层机,https://zj-static.lmjx.net/www/userfiles/Image/ProductMgmtResourceServlet(22).jpg!605x375.jpg,https://zj.lmjx.net/xijiangfengcengche/vss/cr1000/
威M特 TBS350 同步碎石封层车,https://zj-static.lmjx.net/upload/202101/28/600w450h1611828086444223.jpg!605x375.jpg,https://zj.lmjx.net/tongbufengcengche/weite/tbs3501/
美通筑机 LMT5123TYHZ 【国六】热再生路面养护车,https://zj-static.lmjx.net/upload/202201/07/1200w675h1641552597489452.jpg!605x375.jpg,https://zj.lmjx.net/yanghucheqiangxiuche/metong/lmt5123tyhz/
宜迅 YX-40 乳化沥青洒布车/撒布机/撒布车,https://img.lmjx.net/zjupload/201809/27/20180920144702_16780.jpg!605x375.jpg,https://zj.lmjx.net/liqingsabuche/yixun/yx40/
三一重工 SCM500C-8H 0.5米铣刨机,https://zj-static.lmjx.net/upload/202206/01/1200w800h1654064416926455.jpg!605x375.jpg,https://zj.lmjx.net/xibaoji/sany/scm500c8h/
大连凯联 -美国VSS  稀浆封层车上料机 ,https://img.lmjx.net/zjupload/201504/49/20150422142628_57514.jpg!605x375.jpg,https://zj.lmjx.net/xijiangfengcengche/kailian/vss.9/
欧亚机械 EA5316TFCN466GF1XW (国VI) 纤维同步封层车,https://zj-static.lmjx.net/upload/202107/20/1200w800h1626746192375273.jpg!605x375.jpg,https://zj.lmjx.net/tongbufengcengche/ouya/ea5316tfcn466gf1xwvi/
高远圣工 HGY5141TYHJ6 路面养护车,https://img.lmjx.net/zjupload/201612/55/20161216153137_15511.jpg!605x375.jpg,https://zj.lmjx.net/yanghucheqiangxiuche/gaoyuan/hgy5122tyh/
浙江筑马机械 ZZM5070GLQ 城市魅力蓝牌3m3沥青洒布车,https://zj-static.lmjx.net/upload/202304/14/800w533h1681458518983877.jpg!605x375.jpg,https://zj.lmjx.net/liqingsabuche/zhuma/zzm5070glq/
维特根 W 50 HR 小型冷铣刨机,https://zj-static.lmjx.net/upload/202204/08/800w600h1649400764875371.jpg!605x375.jpg,https://zj.lmjx.net/xibaoji/wirtgen/w50hr/
新友 XY5310TXJ型 稀浆封层车,https://img.lmjx.net/zjupload/201305/4/20130528095350_85967.jpg!605x375.jpg,https://zj.lmjx.net/xijiangfengcengche/xinyou/xy5310txj/
河南鼎诚 HTN5252TFC 沥青碎石同步封层车,https://zj-static.lmjx.net/upload/201906/27/400w252h1561615361598817.jpg!605x375.jpg,https://zj.lmjx.net/tongbufengcengche/dingcheng/htn5252tfc/
易路美 HOTBOX-S1000 热再生养护车,https://zj-static.lmjx.net/upload/202104/22/800w600h1619072577993950.jpg!605x375.jpg,https://zj.lmjx.net/yanghucheqiangxiuche/yilumei/hotboxs10001/
杭州市政 8T 智能沥青洒布车,https://img.lmjx.net/zjupload/201203/70/20120312105800_68175.jpg!605x375.jpg,https://zj.lmjx.net/liqingsabuche/shuangjian/8t/
卡特彼勒 PM102 履带式铣刨机,https://img.lmjx.net/zjupload/201612/93/20161202103441_26080.jpg!605x375.jpg,https://zj.lmjx.net/xibaoji/caterpillar/pm102.0/
河南鼎诚 DCXF1035-Ⅱ 全新型稀浆封层车,https://img.lmjx.net/zjupload/201810/19/20181009134913_92722.jpg!605x375.jpg,https://zj.lmjx.net/xijiangfengcengche/dingcheng/dcxf1035.4/
新友 XY5290TSF 同步沥青碎石封层车,https://zj-static.lmjx.net/upload/202301/16/500w333h1673834148080990.jpg!605x375.jpg,https://zj.lmjx.net/tongbufengcengche/xinyou/xy5290tsf/
森远 AD5160XJXS 多功能桥梁抢修车,https://img.lmjx.net/zjupload/201806/60/20180619162847_44769.jpg!605x375.jpg,https://zj.lmjx.net/yanghucheqiangxiuche/senyuan/ad5160xjxs/
新友 全自动 沥青洒布车,https://zj-static.lmjx.net/www/RemotePhoto/2010-5/201051414135117879.jpg!605x375.jpg,https://zj.lmjx.net/liqingsabuche/xinyou/6823/
徐工 XM1005H 一米铣刨机,https://zj-static.lmjx.net/upload/202102/02/1200w800h1612259399125293.jpg!605x375.jpg,https://zj.lmjx.net/xibaoji/xcmg/xm1005h/
欧亚机械 EA5250TFCMC4C1XJ (国VI) 稀浆封层车,https://zj-static.lmjx.net/upload/202107/20/1184w728h1626747816813292.jpg!605x375.jpg,https://zj.lmjx.net/xijiangfengcengche/ouya/ea5250tfcmc4c1xjvi/
浙江筑马机械 ZZM5250TFC 沥青碎石同步封层车,https://zj-static.lmjx.net/upload/202011/16/1200w900h1605497188406000.jpg!605x375.jpg,https://zj.lmjx.net/tongbufengcengche/zhuma/zzm5250tfc/
恒润高科 HHR5161LYH3DF 路面养护车,https://img.lmjx.net/zjupload/201108/20/13146944925173.jpg!605x375.jpg,https://zj.lmjx.net/yanghucheqiangxiuche/hengrungaoke/hhr5161lyh3df/
威M特 LXS12 橡胶沥青洒布车,https://img.lmjx.net/zjupload/201107/15/20110727111930_63541.jpg!605x375.jpg,https://zj.lmjx.net/liqingsabuche/weite/lxs12/
陕建机 CM2000A 铣刨机,https://zj-static.lmjx.net/upload/202302/15/1200w800h1676445797855418.jpg!605x375.jpg,https://zj.lmjx.net/xibaoji/shanjianji/cm2000a1/
骏强 JQ5316TFC 稀浆封层车,https://img.lmjx.net/zjupload/201504/24/20150429095206_20540.jpg!605x375.jpg,https://zj.lmjx.net/xijiangfengcengche/junqiang/jq5316tfc/
亿龙机械 ZZ5251 沥青碎石同步封层机,https://zj-static.lmjx.net/www/userfiles/Image/2009828201416.jpg!605x375.jpg,https://zj.lmjx.net/tongbufengcengche/yilongmachinery/zz5251/
北方交通 KFM5254TFC型 封层养护车,https://zj-static.lmjx.net/upload/202201/07/448w330h1641545345583441.jpg!605x375.jpg,https://zj.lmjx.net/yanghucheqiangxiuche/northtraffic/kfm5254tfc/
欧亚机械 EA5250GL QMC4C1 (国VI) 沥青洒布车,https://zj-static.lmjx.net/upload/202107/20/1184w728h1626746772009538.jpg!605x375.jpg,https://zj.lmjx.net/liqingsabuche/ouya/ea5250glqmc4c1vi/
山推 SMT50-GN 国四铣刨机,https://zj-static.lmjx.net/upload/202212/08/800w600h1670469051021778.jpg!605x375.jpg,https://zj.lmjx.net/xibaoji/shantui/smt50gn/
百灵 超粘磨 耗层设备,https://img.lmjx.net/zjupload/201103/92/20110309181523_91117.jpg!605x375.jpg,https://zj.lmjx.net/xijiangfengcengche/breining/7366/
杭州市政 同步 碎石封层车,https://zj-static.lmjx.net/upload/202104/15/487w268h1618457596825121.jpg!605x375.jpg,https://zj.lmjx.net/tongbufengcengche/shuangjian/11225/
威平 WPS-80 液压渣浆泵,https://img.lmjx.net/zjupload/201605/37/20160524111417_63616.jpg!605x375.jpg,https://zj.lmjx.net/yanghucheqiangxiuche/weiping/wps80/
山东奥邦 ZJV5110GLQ型5吨 智能沥青洒布车,https://img.lmjx.net/zjupload/image/201308/42/f_1376465042515626.jpg!605x375.jpg,https://zj.lmjx.net/liqingsabuche/aobang/zjv5110glq5/
戴纳派克 Dynapac PL 2000 铣刨机,https://img.lmjx.net/zjupload/201807/11/20180704152836_75766.jpg!605x375.jpg,https://zj.lmjx.net/xibaoji/dynapac/dynapacpl2000.7/
思嘉特 M700型 稀浆封层机,https://img.lmjx.net/zjupload/201106/62/13080338032625.jpg!605x375.jpg,https://zj.lmjx.net/xijiangfengcengche/sijiate/m700/
赛格玛 41型 同步碎石封层设备,https://img.lmjx.net/zjupload/201103/100/20110309182815_86731.jpg!605x375.jpg,https://zj.lmjx.net/tongbufengcengche/secmair/41/
路大 LD-C1000G型车载式 路面综合养护车（机),https://zj-static.lmjx.net/upload/202104/25/600w440h1619316898665612.jpg!605x375.jpg,https://zj.lmjx.net/yanghucheqiangxiuche/luda545/ldc1000g/
欣融 SLS5090GLQ 5方智能型沥青洒布车,https://img.lmjx.net/zjupload/201804/16/20180424160528_47982.jpg!605x375.jpg,https://zj.lmjx.net/liqingsabuche/xinrong/sls5090glq/
宝马格 BM 2000/58 CC 国四两米铣刨机,https://zj-static.lmjx.net/upload/202304/19/1200w800h1681871618290875.jpg!605x375.jpg,https://zj.lmjx.net/xibaoji/bomag/bm200058cc/
陕汽 稀浆封层车 ,https://img.lmjx.net/zjupload/201208/26/20120821172202_53113.jpg!605x375.jpg,https://zj.lmjx.net/xijiangfengcengche/shanqi/12643/
思嘉特 TBS3500型 同步碎石封层车,https://img.lmjx.net/zjupload/201106/15/13080390507352.jpg!605x375.jpg,https://zj.lmjx.net/tongbufengcengche/sijiate/tbs3500/
隆瑞机械 LYL5110TXB 沥青路面热再生修补车,https://img.lmjx.net/zjupload/201505/81/20150505111603_12958.jpg!605x375.jpg,https://zj.lmjx.net/yanghucheqiangxiuche/longrui/lyl5110txb/
河南鼎诚 DCLS0545GLQ型 5立方全智能沥青洒布车,https://img.lmjx.net/zjupload/201805/62/20180518093851_74420.jpg!605x375.jpg,https://zj.lmjx.net/liqingsabuche/dingcheng/dcls0545glq/
镇江路机 RM500 路面铣刨机,https://zj-static.lmjx.net/upload/202002/28/1200w800h1582855500941182.jpg!605x375.jpg,https://zj.lmjx.net/xibaoji/luji/rm500/
恒端 纤维 封层车,https://img.lmjx.net/zjupload/201205/58/20120517134947_76730.jpg!605x375.jpg,https://zj.lmjx.net/xijiangfengcengche/hengduan/11974/
郴筑 CZL5310TBS 同步碎石封层车,https://img.lmjx.net/zjupload/201108/24/13141732486688.jpg!605x375.jpg,https://zj.lmjx.net/tongbufengcengche/chenzhu/czl5310tbs/
欣融 再生料路面 养护车,https://img.lmjx.net/zjupload/201205/86/20120517144151_88769.jpg!605x375.jpg,https://zj.lmjx.net/yanghucheqiangxiuche/xinrong/11983/
北方交通 KFM5120GLQ型 沥青洒布车,https://zj-static.lmjx.net/upload/202201/07/448w330h1641545199508291.jpg!605x375.jpg,https://zj.lmjx.net/liqingsabuche/northtraffic/kfm5120glq/
宜迅 YX- 500D 自行式电动铣刨机,https://zj-static.lmjx.net/upload/202101/08/1200w800h1610093766249503.jpg!605x375.jpg,https://zj.lmjx.net/xibaoji/yixun/yx500d/
瑞德 EAGER 稀浆封层车,https://img.lmjx.net/zjupload/201404/89/20140430162136_79749.jpg!605x375.jpg,https://zj.lmjx.net/xijiangfengcengche/ruide/eager/
圣岳 JC8104 沥青碎石同步封层车,https://img.lmjx.net/zjupload/201604/11/20160405105642_94951.jpg!605x375.jpg,https://zj.lmjx.net/tongbufengcengche/shengyue/jc8104/
中建机械 JGC5044XXH 多功能抢险工程车,https://zj-static.lmjx.net/upload/202005/20/1200w900h1589959160346224.jpg!605x375.jpg,https://zj.lmjx.net/yanghucheqiangxiuche/zhongjian/jgc5044xxh/
三秦力 LS―1000 沥青洒布车,https://zj-static.lmjx.net/www/RemotePhoto/2009-2/20092614251091475.jpg!605x375.jpg,https://zj.lmjx.net/liqingsabuche/sanqinli/ls1000/
路霸 LB-250Q 铣刨机,https://zj-static.lmjx.net/upload/201910/24/600w537h1571887589229087.jpg!605x375.jpg,https://zj.lmjx.net/xibaoji/roadbar/lb250q/
天骏机械 JQ5253TFC 稀浆封层车,https://img.lmjx.net/zjupload/201412/76/20141202094447_22685.jpg!605x375.jpg,https://zj.lmjx.net/xijiangfengcengche/tianjun/jq5253tfc/
天骏机械 JQ5252TFC 内举升式沥青碎石同步封层车,https://img.lmjx.net/zjupload/201412/68/20141201180511_67784.jpg!605x375.jpg,https://zj.lmjx.net/tongbufengcengche/tianjun/jq5252tfc/
运想重工 RS5070微波路面 养护车,https://img.lmjx.net/zjupload/201306/17/20130603142744_67543.jpg!605x375.jpg,https://zj.lmjx.net/yanghucheqiangxiuche/yunxiang/rs5070/
科筑 沥青洒布车 ,https://img.lmjx.net/zjupload/201206/44/20120625095324_23732.jpg!605x375.jpg,https://zj.lmjx.net/liqingsabuche/kezhu/12294/
路得威 RWXB21L 沥青路面铣刨机（铣刨回收车）,https://zj-static.lmjx.net/upload/202104/06/1200w800h1617700618585170.jpg!605x375.jpg,https://zj.lmjx.net/xibaoji/ludewei/rwxb21l/
圣岳 5257TFC 稀浆封层车,https://img.lmjx.net/zjupload/201604/91/20160405104521_77587.jpg!605x375.jpg,https://zj.lmjx.net/xijiangfengcengche/shengyue/5257tfc/
骏强 JQ5315TFC 内举升式 沥青碎石同步封层车,https://img.lmjx.net/zjupload/201504/7/20150429095053_39470.jpg!605x375.jpg,https://zj.lmjx.net/tongbufengcengche/junqiang/jq5315tfc.6/
辽原筑机 自携料多功能全移动养护机 ,https://img.lmjx.net/zjupload/201302/49/20130228112511_60023.jpg!605x375.jpg,https://zj.lmjx.net/yanghucheqiangxiuche/liaoyuanzhuji/14574/
百开 BC-501/CRC型 智能橡胶沥青洒布车,https://zj-static.lmjx.net/www/userfiles/Image/111(49).jpg!605x375.jpg,https://zj.lmjx.net/liqingsabuche/bearcatmfg/bc501crc/
厦工 XG121004G 铣刨机,https://img.lmjx.net/zjupload/201708/63/20170808154703_56292.jpg!605x375.jpg,https://zj.lmjx.net/xibaoji/xgma/xg121004g/
森远 AD5310TFC 稀浆封层车,https://img.lmjx.net/zjupload/201806/58/20180619093430_21246.jpg!605x375.jpg,https://zj.lmjx.net/xijiangfengcengche/senyuan/ad5310tfc/
瑞德 EAGER 同步碎石封层车,https://img.lmjx.net/zjupload/201404/52/20140430162022_12823.jpg!605x375.jpg,https://zj.lmjx.net/tongbufengcengche/ruide/eager/
路得威 RWYH21 (沥青热再生摊铺压实车）多功能路面修补车,https://zj-static.lmjx.net/upload/202201/18/1200w800h1642486066405266.jpg!605x375.jpg,https://zj.lmjx.net/yanghucheqiangxiuche/ludewei/rwyh21/
恒端 智能型 沥青洒布车,https://img.lmjx.net/zjupload/201205/43/20120517134447_85061.jpg!605x375.jpg,https://zj.lmjx.net/liqingsabuche/hengduan/11972/
天顺长城 S2000-77X 铣刨机,https://zj-static.lmjx.net/upload/202203/24/1200w800h1648103024525512.jpg!605x375.jpg,https://zj.lmjx.net/xibaoji/tianshunchangcheng/s200077x/
达刚控股 DGL5310TFC-X104A 微表处稀浆封层车,https://img.lmjx.net/zjupload/201812/67/20181224173509_54884.png!605x375.jpg,https://zj.lmjx.net/xijiangfengcengche/dagang/dgl5310tfcx104a/
山东奥邦 JG52500TFCSD 同步封层车,https://zj-static.lmjx.net/upload/202104/30/800w592h1619771743317148.jpg!605x375.jpg,https://zj.lmjx.net/tongbufengcengche/aobang/jg52500tfcsd/
友一机械 FAHT06DY 路面综合养护车,https://zj-static.lmjx.net/upload/202104/25/500w300h1619333484070426.jpg!605x375.jpg,https://zj.lmjx.net/yanghucheqiangxiuche/youyi/faht06dy/
内蒙古北方重工 TR100-W 矿用洒水车,https://img.lmjx.net/zjupload/201109/27/13173492306690.gif,https://zj.lmjx.net/liqingsabuche/nhig/tr100w/
威M特 RX600 铣刨机,https://img.lmjx.net/zjupload/201206/43/20120625171628_71669.jpg!605x375.jpg,https://zj.lmjx.net/xibaoji/weite/rx600/
高远圣工 HGY5251TFC 稀浆封层车,https://zj-static.lmjx.net/upload/202301/30/560w370h1675046929386043.png!605x375.jpg,https://zj.lmjx.net/xijiangfengcengche/gaoyuan/hgy5251tfc1/
嘉成 JC812型沥青碎石 同步封层车,https://zj-static.lmjx.net/upload/201905/13/500w375h1557726878724660.jpg!605x375.jpg,https://zj.lmjx.net/tongbufengcengche/jiacheng/jc812/
河南鼎诚 DCVT1500 车辙修复摊铺设备,https://img.lmjx.net/zjupload/201610/49/20161012102952_30812.jpg!605x375.jpg,https://zj.lmjx.net/yanghucheqiangxiuche/dingcheng/dcvt1500/
亿龙机械 BBL5161 全自动橡胶沥青洒布车,https://zj-static.lmjx.net/www/RemotePhoto/2009-9/20099913583217227.jpg!605x375.jpg,https://zj.lmjx.net/liqingsabuche/yilongmachinery/bbl5161/
浩博 SPM-1 铣刨机,https://img.lmjx.net/zjupload/201610/7/20161010110514_56881.jpg!605x375.jpg,https://zj.lmjx.net/xibaoji/haobo/spm1/
威M特 NS9 同步纤维磨耗封层车,https://zj-static.lmjx.net/upload/202101/28/1200w675h1611817774970183.jpg!605x375.jpg,https://zj.lmjx.net/xijiangfengcengche/weite/ns9/
欣融 纤维 同步封层车,https://img.lmjx.net/zjupload/image/201607/86/f_1469254986436614.jpg!605x375.jpg,https://zj.lmjx.net/tongbufengcengche/xinrong/11981/
威M特 ZXZ5161TYH 路面养护车,https://zj-static.lmjx.net/upload/202101/28/730w411h1611827576001556.jpg!605x375.jpg,https://zj.lmjx.net/yanghucheqiangxiuche/weite/zxz5161tyh/
山河 JRZD3.5 沥青洒布车,https://img.lmjx.net/zjupload/201109/53/13160743585317.gif,https://zj.lmjx.net/liqingsabuche/shanhe/jrzd35/
信德机械 XD-1000 驾驶抹光机,https://img.lmjx.net/zjupload/201706/12/20170627172319_46377.jpg!605x375.jpg,https://zj.lmjx.net/xibaoji/xinde/xd1000/
VSS 稀浆封层 /微表处施工设备,https://zj-static.lmjx.net/www/userfiles/Image/c373e91ef7be7e368f6ec1ac08436d88.jpg!605x375.jpg,https://zj.lmjx.net/xijiangfengcengche/vss/6825/
恒端 沥青碎石 同步封层车,https://img.lmjx.net/zjupload/201205/25/20120517134652_69370.jpg!605x375.jpg,https://zj.lmjx.net/tongbufengcengche/hengduan/11973/
郴筑 CZL5093TYH 路面养护车,https://img.lmjx.net/zjupload/201108/70/13141733667209.jpg!605x375.jpg,https://zj.lmjx.net/yanghucheqiangxiuche/chenzhu/czl5093tyh/
思嘉特 LQP3型 电子控制沥青洒布车,https://img.lmjx.net/zjupload/201106/90/13080372903355.jpg!605x375.jpg,https://zj.lmjx.net/liqingsabuche/sijiate/lqp3/
圣岳 SDZ-XB-250 铣刨机,https://img.lmjx.net/zjupload/201604/79/20160405135752_14049.jpg!605x375.jpg,https://zj.lmjx.net/xibaoji/shengyue/sdzxb250/
大连凯联 -美国VSS  可伸缩型微表摊铺箱 ,https://img.lmjx.net/zjupload/201504/38/20150422140529_27594.jpg!605x375.jpg,https://zj.lmjx.net/xijiangfengcengche/kailian/vss.8/
达刚控股 DGL5251TFC-T385A 沥青碎石同步封层车,https://img.lmjx.net/zjupload/201608/87/20160815094818_62031.jpg!605x375.jpg,https://zj.lmjx.net/tongbufengcengche/dagang/dgl5251tfct385a/
英达 PM400 热再生养护车,https://zj-static.lmjx.net/upload/202001/17/1200w800h1579249232647131.jpg!605x375.jpg,https://zj.lmjx.net/yanghucheqiangxiuche/freetech/pm400/
嘉成 JC08型全自动 沥青洒布车,https://zj-static.lmjx.net/upload/202104/16/600w457h1618568737060906.jpg!605x375.jpg,https://zj.lmjx.net/liqingsabuche/jiacheng/jc08/
峰源机械 手持式凿毛机 ,https://img.lmjx.net/zjupload/201505/87/20150514144235_68805.jpg!605x375.jpg,https://zj.lmjx.net/xibaoji/fengyuan/25119/
新友 连续式 稀浆封层车,https://zj-static.lmjx.net/www/RemotePhoto/2010-5/20105141411688104.jpg!605x375.jpg,https://zj.lmjx.net/xijiangfengcengche/xinyou/6819/
美通筑机 LMT5316TFCT-S 【国六】沥青碎石同步封层车,https://zj-static.lmjx.net/upload/202201/07/1200w900h1641554081536670.jpg!605x375.jpg,https://zj.lmjx.net/tongbufengcengche/metong/lmt5316tfcts/
达刚控股 DG5183TYH-066 井盖修复综合养护车,https://zj-static.lmjx.net/upload/202210/26/800w600h1666773335349595.jpg!605x375.jpg,https://zj.lmjx.net/yanghucheqiangxiuche/dagang/dg5183tyh066/
中筑 LSA-1000A型 沥青洒布机,https://img.lmjx.net/zjupload/201305/37/20130522152121_29272.jpg!605x375.jpg,https://zj.lmjx.net/liqingsabuche/zhongzhu/lsa1000a/
隆瑞机械 RXB25 铣刨机,https://img.lmjx.net/zjupload/201505/6/20150505165952_39380.jpg!605x375.jpg,https://zj.lmjx.net/xibaoji/longrui/rxb25/
河南鼎诚 DCNTF0810 粘透封专用车,https://img.lmjx.net/zjupload/201610/61/20161011101224_54536.jpg!605x375.jpg,https://zj.lmjx.net/xijiangfengcengche/dingcheng/dcntf0810.6/
高远圣工 HGY5318TFC型 同步碎石封层车,https://zj-static.lmjx.net/upload/202301/30/1012w675h1675045362590384.jpg!605x375.jpg,https://zj.lmjx.net/tongbufengcengche/gaoyuan/hgy5318tfcs6/
徐工 XLY055L 沥青路面养护车,https://zj-static.lmjx.net/upload/202301/16/700w467h1673834725562711.jpg!605x375.jpg,https://zj.lmjx.net/yanghucheqiangxiuche/xcmg/xly055l/
广通 智能自动加温型沥青洒布车 ,https://img.lmjx.net/zjupload/201311/62/20131129153156_44692.jpg!605x375.jpg,https://zj.lmjx.net/liqingsabuche/guangtong/17772/
天骏机械 255型 电动铣刨机,https://img.lmjx.net/zjupload/201412/96/20141202103812_65940.jpg!605x375.jpg,https://zj.lmjx.net/xibaoji/tianjun/255/
欧亚机械 EA5310TFCMC6Z1XJ (国VI) 稀浆封层车,https://zj-static.lmjx.net/upload/202107/20/1184w728h1626747715205617.jpg!605x375.jpg,https://zj.lmjx.net/xijiangfengcengche/ouya/ea5310tfcmc6z1xjvi/
徐工 XTF1405R 同步碎石封层车,https://zj-static.lmjx.net/upload/202203/10/1000w695h1646909989521705.jpg!605x375.jpg,https://zj.lmjx.net/tongbufengcengche/xcmg/xtf1405r/
美通筑机 LMT5181TYHB 【国六】储料式路面养护车,https://zj-static.lmjx.net/upload/202201/07/1200w900h1641553030301506.jpg!605x375.jpg,https://zj.lmjx.net/yanghucheqiangxiuche/metong/lmt5181tyhb/
瑞德 EAGER－RDA1360F 沥青洒布车,https://img.lmjx.net/zjupload/201404/2/20140430161750_85784.jpg!605x375.jpg,https://zj.lmjx.net/liqingsabuche/ruide/eagerrda1360f/
山联重科 SLXB-A/B 铣刨机,https://img.lmjx.net/zjupload/201406/99/20140617142730_26531.jpg!605x375.jpg,https://zj.lmjx.net/xibaoji/shanlianzhongke/slxbab/
骏强 JQ5253TFC 稀浆封层车,https://img.lmjx.net/zjupload/201411/66/20141112102716_89054.jpg!605x375.jpg,https://zj.lmjx.net/xijiangfengcengche/junqiang/jq5253tfc/
威M特 TBS400 沥青碎石同步封层车,https://zj-static.lmjx.net/upload/202101/28/1200w800h1611828279340736.jpg!605x375.jpg,https://zj.lmjx.net/tongbufengcengche/weite/tbs400/
高远圣工 HGY5163TXQ 隧道清洗车 / 墙面清洗车,https://zj-static.lmjx.net/upload/202007/24/700w525h1595577215564798.jpg!605x375.jpg,https://zj.lmjx.net/yanghucheqiangxiuche/gaoyuan/hgy5163txq/
郴筑 CZL5160GLS 橡胶沥青洒布车,https://img.lmjx.net/zjupload/201108/50/13141731566894.jpg!605x375.jpg,https://zj.lmjx.net/liqingsabuche/chenzhu/czl5160gls/
福瑞得 FYCB-250D 铣刨机,https://img.lmjx.net/zjupload/201404/39/20140429094206_78019.jpg!605x375.jpg,https://zj.lmjx.net/xibaoji/furuide/fycb250d/
百灵 微表处及 稀浆封层设备,https://img.lmjx.net/zjupload/201103/28/20110309181348_34944.jpg!605x375.jpg,https://zj.lmjx.net/xijiangfengcengche/breining/7365/
欧亚机械 EA9280TFC 同步碎石封层车,https://zj-static.lmjx.net/upload/202107/20/1184w728h1626746646819458.jpg!605x375.jpg,https://zj.lmjx.net/tongbufengcengche/ouya/ea9280tfc/
易路美 ZLQ5060TYH 路面养护一体车,https://zj-static.lmjx.net/upload/202104/22/1200w800h1619070780410857.jpg!605x375.jpg,https://zj.lmjx.net/yanghucheqiangxiuche/yilumei/zlq5060tyh/
楚飞 跃进单桥5.62立方 沥青洒布车,https://img.lmjx.net/zjupload/201409/62/20140903171313_96363.jpg!605x375.jpg,https://zj.lmjx.net/liqingsabuche/chufei/562/
筑邦 ZM50 铣刨机,https://img.lmjx.net/zjupload/201404/24/20140414145134_56968.jpg!605x375.jpg,https://zj.lmjx.net/xibaoji/zhubang/zm50/
思嘉特 RF-100A 乳化沥青稀浆封层车,https://img.lmjx.net/zjupload/201106/36/13080333939970.jpg!605x375.jpg,https://zj.lmjx.net/xijiangfengcengche/sijiate/rf100a/
河南鼎诚 DCXWF0814 沥青纤维碎石封层车,https://img.lmjx.net/zjupload/201810/92/20181009141051_27721.jpg!605x375.jpg,https://zj.lmjx.net/tongbufengcengche/dingcheng/dcxwf0814.7/
森远 AD5080TYHZ 型 沥青路面养护车,https://img.lmjx.net/zjupload/201806/36/20180619102041_38906.jpg!605x375.jpg,https://zj.lmjx.net/yanghucheqiangxiuche/senyuan/ad5080tyhz/
天骏机械 ZM5SP 智能沥青洒布车,https://img.lmjx.net/zjupload/201412/15/20141202091509_80939.jpg!605x375.jpg,https://zj.lmjx.net/liqingsabuche/tianjun/zm5sp/
萨奥机械 SYCB-250D 小型电动铣刨机,https://img.lmjx.net/zjupload/201812/44/20181214171649_71577.jpg!605x375.jpg,https://zj.lmjx.net/xibaoji/saao/sycb250d/
天骏机械 JQ5316TFC 稀浆封层车,https://img.lmjx.net/zjupload/201412/66/20141202093803_83631.jpg!605x375.jpg,https://zj.lmjx.net/xijiangfengcengche/tianjun/jq5316tfc/
亿龙机械 LM242 拉毛机,https://zj-static.lmjx.net/www/RemotePhoto/2009-9/20099913565376366.jpg!605x375.jpg,https://zj.lmjx.net/tongbufengcengche/yilongmachinery/lm242/
恒润高科 HHR5162LYH1 高速公路路面综合养护车,https://img.lmjx.net/zjupload/201108/14/13146944149428.jpg!605x375.jpg,https://zj.lmjx.net/yanghucheqiangxiuche/hengrungaoke/hhr5162lyh1/
陕汽 沥青洒布车 ,https://img.lmjx.net/zjupload/201208/40/20120821171102_10032.jpg!605x375.jpg,https://zj.lmjx.net/liqingsabuche/shanqi/12641/
友一机械 FACB-250 铣刨机,https://img.lmjx.net/zjupload/201403/1/20140319144123_69295.jpg!605x375.jpg,https://zj.lmjx.net/xibaoji/youyi/facb250/
达刚控股 DGL5310TFC CX125 微表处稀浆封层车,https://img.lmjx.net/zjupload/201612/3/20161206100838_50609.jpg!605x375.jpg,https://zj.lmjx.net/xijiangfengcengche/dagang/dgl5310tfcx125/
"杭州市政 同步 碎石封层车,同步车,同步碎石封层车",https://img.lmjx.net/zjupload/201302/39/20130222095213_76719.jpg!605x375.jpg,https://zj.lmjx.net/tongbufengcengche/shuangjian/14511/
北方交通 KFM5165TYHRQ型 道路热再生养护车,https://zj-static.lmjx.net/upload/202201/07/448w330h1641545093724949.jpg!605x375.jpg,https://zj.lmjx.net/yanghucheqiangxiuche/northtraffic/kfm5165tyhrq/
达刚控股 8000L 智能型沥青洒布车,https://img.lmjx.net/zjupload/201812/70/20181225142542_98981.png!605x375.jpg,https://zj.lmjx.net/liqingsabuche/dagang/8000l/
恒泰 HTCB-200G/HTCB-200E/HTCB-260G 铣刨机,https://img.lmjx.net/zjupload/201309/12/20130910100944_33936.jpg!605x375.jpg,https://zj.lmjx.net/xibaoji/hengtai/htcb200ghtcb200ehtcb260g/
高远圣工 HGY5319TFC 稀浆封层车,https://zj-static.lmjx.net/upload/202301/30/759w506h1675047086876310.jpg!605x375.jpg,https://zj.lmjx.net/xijiangfengcengche/gaoyuan/hgy5319tfc/
赛格玛 40通用型 同步碎石封层设备,https://img.lmjx.net/zjupload/201103/78/20110309182619_26251.jpg!605x375.jpg,https://zj.lmjx.net/tongbufengcengche/secmair/40/
威平 WPS-30 液压渣浆泵,https://img.lmjx.net/zjupload/201605/37/20160524111417_63616.jpg!605x375.jpg,https://zj.lmjx.net/yanghucheqiangxiuche/weiping/wps30/
美通筑机 LMT5186GLQZ 【国六】沥青洒布车,https://zj-static.lmjx.net/upload/202201/07/1200w800h1641553706876961.jpg!605x375.jpg,https://zj.lmjx.net/liqingsabuche/metong/lmt5186glqz/
思拓瑞克 STSM-250E 小型铣刨机,https://img.lmjx.net/zjupload/201606/29/20160629093144_85334.jpg!605x375.jpg,https://zj.lmjx.net/xibaoji/situoruike/stsm250e/
威M特 MS12 稀浆封层车,https://zj-static.lmjx.net/upload/202101/28/600w450h1611818117416263.jpg!605x375.jpg,https://zj.lmjx.net/xijiangfengcengche/weite/ms12/
思嘉特 TBJ3800型 同步碎石封层车,https://img.lmjx.net/zjupload/201106/37/13080377077403.jpg!605x375.jpg,https://zj.lmjx.net/tongbufengcengche/sijiate/tbj3800/
路大 LD-Q1000G型牵引式 综合养护车（机）,https://zj-static.lmjx.net/upload/202104/25/600w440h1619317066545014.jpg!605x375.jpg,https://zj.lmjx.net/yanghucheqiangxiuche/luda545/ldq1000g/
高远圣工 HGY5165GLQ 沥青洒布车,https://zj-static.lmjx.net/upload/202301/30/526w379h1675048474193738.png!605x375.jpg,https://zj.lmjx.net/liqingsabuche/gaoyuan/hgy5123glq/
万里 多功能 一体机,https://zj-static.lmjx.net/upload/201910/30/800w535h1572416386003596.jpg!605x375.jpg,https://zj.lmjx.net/xibaoji/wanli427/dgn/
大连凯联 -美国VSS 小型稀浆封层车 ,https://img.lmjx.net/zjupload/201106/58/20110603102246_99568.jpg!605x375.jpg,https://zj.lmjx.net/xijiangfengcengche/kailian/vss/
圣岳 JC812 沥青碎石同步封层车,https://img.lmjx.net/zjupload/201604/11/20160405105642_94951.jpg!605x375.jpg,https://zj.lmjx.net/tongbufengcengche/shengyue/jc812/
隆瑞机械 LYL5080TXB 沥青路面热再生修补车,https://img.lmjx.net/zjupload/201505/85/20150505113400_26458.jpg!605x375.jpg,https://zj.lmjx.net/yanghucheqiangxiuche/longrui/lyl5080txb/
大连凯联 -美国百开 BCRD-501 CRC型智能橡胶沥青洒布车（双搅龙）,https://zj-static.lmjx.net/upload/202107/16/640w462h1626417537140821.jpg!605x375.jpg,https://zj.lmjx.net/liqingsabuche/kailian/bcrd501crc/
佰锐泰克 BMP335 路面、层间铣刨机,https://img.lmjx.net/zjupload/201106/42/20110603173407_47328.jpg!605x375.jpg,https://zj.lmjx.net/xibaoji/bairuitaike/bmp335/
河南鼎诚 DCXF1235 稀浆封层车,https://img.lmjx.net/zjupload/201608/7/20160803095135_53127.jpg!605x375.jpg,https://zj.lmjx.net/xijiangfengcengche/dingcheng/dcxf1235/
天骏机械 JQ5315TFC 皮带式沥青碎石同步封层车,https://img.lmjx.net/zjupload/201412/97/20141201180134_68747.jpg!605x375.jpg,https://zj.lmjx.net/tongbufengcengche/tianjun/jq5315tfc.8/
运想重工 RS5140微波路面 养护车,https://img.lmjx.net/zjupload/201306/17/20130603142744_67543.jpg!605x375.jpg,https://zj.lmjx.net/yanghucheqiangxiuche/yunxiang/rs5140/
徐工 XLS605 沥青洒布车,https://zj-static.lmjx.net/upload/202303/06/1000w667h1678092524179636.jpg!605x375.jpg,https://zj.lmjx.net/liqingsabuche/xcmg/xls605/
威平 WRS350 铣刨机,https://img.lmjx.net/zjupload/201103/77/20110303124538_71004.jpg!605x375.jpg,https://zj.lmjx.net/xibaoji/weiping/wrs350/
欧亚机械 XF12型 稀浆封层车,https://img.lmjx.net/zjupload/201305/30/20130528171620_22279.jpg!605x375.jpg,https://zj.lmjx.net/xijiangfengcengche/ouya/xf12/
骏强 JQ5314TFC 沥青碎石同步封层车,https://img.lmjx.net/zjupload/201411/92/20141112102815_90823.jpg!605x375.jpg,https://zj.lmjx.net/tongbufengcengche/junqiang/jq5314tfc/
友一机械 FAHT06DM 路面综合养护车,https://zj-static.lmjx.net/upload/202104/25/500w300h1619333461098010.jpg!605x375.jpg,https://zj.lmjx.net/yanghucheqiangxiuche/youyi/faht06dm/
浙江筑马机械 ZZM5041GLQ 城市之星蓝牌3m3沥青洒布车,https://zj-static.lmjx.net/upload/202304/14/600w398h1681457856638042.jpg!605x375.jpg,https://zj.lmjx.net/liqingsabuche/zhuma/zzm5041glq/
恒升 LXH1000-C 铣刨机,https://img.lmjx.net/zjupload/201109/66/20110926165449_74009.jpg!605x375.jpg,https://zj.lmjx.net/xibaoji/hengsheng/lxh1000c/
思嘉特 HRF-100B 全液压乳化沥青稀浆封层车,https://img.lmjx.net/zjupload/201106/41/13080332063613.jpg!605x375.jpg,https://zj.lmjx.net/xijiangfengcengche/sijiate/hrf100b/
山东奥邦 SX5255TBS型 沥青碎石同步封层车,https://img.lmjx.net/zjupload/image/201309/11/f_1378514011592674.jpg!605x375.jpg,https://zj.lmjx.net/tongbufengcengche/aobang/sx5255tbs/
郴筑 CZL5103TYH 路面养护车,https://img.lmjx.net/zjupload/201108/100/13141733192442.jpg!605x375.jpg,https://zj.lmjx.net/yanghucheqiangxiuche/chenzhu/czl5103tyh/
杭州市政 10T 智能沥青洒布车,https://img.lmjx.net/zjupload/201203/85/20120312105551_42731.jpg!605x375.jpg,https://zj.lmjx.net/liqingsabuche/shuangjian/10t/
英达 井盖 切割机,https://zj-static.lmjx.net/upload/202002/24/1200w800h1582536102310369.jpg!605x375.jpg,https://zj.lmjx.net/xibaoji/freetech/jinggai/
高远圣工 HGY5313TFCS6 稀浆封层车,https://zj-static.lmjx.net/upload/202110/18/1200w800h1634537637373470.jpg!605x375.jpg,https://zj.lmjx.net/xijiangfengcengche/gaoyuan/hgy5313tfcs6/
嘉成 JC814型沥青碎石 同步封层车,https://zj-static.lmjx.net/upload/201905/13/600w450h1557727021652556.jpg!605x375.jpg,https://zj.lmjx.net/tongbufengcengche/jiacheng/jc814/
英达 PM220 热再生养护车,https://zj-static.lmjx.net/upload/202101/06/1200w800h1609898519124225.png!605x375.jpg,https://zj.lmjx.net/yanghucheqiangxiuche/freetech/pm220/
新友 XY5060GLQ型3立方 全自动沥青洒布车,https://img.lmjx.net/zjupload/201305/81/20130528094532_33486.jpg!605x375.jpg,https://zj.lmjx.net/liqingsabuche/xinyou/xy5060glq3/
凯雷 K1000F 自行式滚切路面铣刨机,https://zj-static.lmjx.net/www/RemotePhoto/2007-11/2007111614401460208.jpg!605x375.jpg,https://zj.lmjx.net/xibaoji/kailei/k1000f/
威M特 MS9Bi 稀浆封层机,https://zj-static.lmjx.net/upload/202101/28/1200w675h1611817992861957.jpg!605x375.jpg,https://zj.lmjx.net/xijiangfengcengche/weite/ms9bi/
欣融 HCQ5317TFC 热熔沥青纤维碎石同步车,https://zj-static.lmjx.net/upload/202102/26/1200w800h1614324626663479.jpg!605x375.jpg,https://zj.lmjx.net/tongbufengcengche/xinrong/hcq5317tfc/
达刚控股 DGL5183TYH-056（国六） 沥青路面养护车,https://zj-static.lmjx.net/upload/202210/26/408w292h1666768480433344.jpg!605x375.jpg,https://zj.lmjx.net/yanghucheqiangxiuche/dagang/dgl5183tyh056/
威M特 XLS12 橡胶沥青洒布车,https://zj-static.lmjx.net/upload/202101/28/600w450h1611828478793496.jpg!605x375.jpg,https://zj.lmjx.net/liqingsabuche/weite/xls12/
宏大 HD2200 铣刨机,https://img.lmjx.net/zjupload/201612/1/20161216164806_50996.jpg!605x375.jpg,https://zj.lmjx.net/xibaoji/hme/hd2200/
大连凯联 -美国VSS  CR-1000 连续式稀浆封层机,https://zj-static.lmjx.net/upload/202107/16/640w461h1626413741748093.jpg!605x375.jpg,https://zj.lmjx.net/xijiangfengcengche/kailian/vsscr10002000/
达刚控股 DGL5310TFC  -T456 沥青碎石同步封层车,https://zj-static.lmjx.net/upload/202008/05/1200w800h1596623489307158.jpg!605x375.jpg,https://zj.lmjx.net/tongbufengcengche/dagang/dgl5310tfct456/
徐工 XLY605B 沥青路面养护车,https://zj-static.lmjx.net/upload/202203/10/700w487h1646905952738553.jpg!605x375.jpg,https://zj.lmjx.net/yanghucheqiangxiuche/xcmg/xly605b/
欧亚机械 EA5250GLQMC4C1A (国VI) 沥青洒布车,https://zj-static.lmjx.net/upload/202107/20/1184w728h1626746928543963.jpg!605x375.jpg,https://zj.lmjx.net/liqingsabuche/ouya/ea5250glqmc4c1avi/
路德克 RX 冷铣刨机,https://zj-static.lmjx.net/upload/202204/02/138w77h1648880799762383.png!605x375.jpg,https://zj.lmjx.net/xibaoji/roadtec/rx/
河南鼎诚 DCXF1035 稀浆封层车,https://img.lmjx.net/zjupload/201608/38/20160803094930_29941.jpg!605x375.jpg,https://zj.lmjx.net/xijiangfengcengche/dingcheng/dcxf1035/
美通筑机 LMT5316TFCT-H 【国六】沥青碎石同步封层车,https://zj-static.lmjx.net/upload/202201/07/1200w900h1641553960656391.jpg!605x375.jpg,https://zj.lmjx.net/tongbufengcengche/metong/lmt5316tfcth/
美通筑机 LMT5255TYHB 【国六】储料式路面养护车,https://zj-static.lmjx.net/upload/202201/07/1200w900h1641553162059584.jpg!605x375.jpg,https://zj.lmjx.net/yanghucheqiangxiuche/metong/lmt5255tyhb/
山东奥邦 SX5165GLQ型8吨 智能沥青洒布车,https://img.lmjx.net/zjupload/image/201309/54/f_1378514954920433.jpg!605x375.jpg,https://zj.lmjx.net/liqingsabuche/aobang/sx5165glq8/
鼎盛重工 LXL1000/LXL1000A 路面铣刨机,https://zj-static.lmjx.net/www/userfiles/Image/1-1.1000.jpg!605x375.jpg,https://zj.lmjx.net/xibaoji/dingsheng/lxl1000lxl1000a/
思嘉特 HRF-100A 全液压乳化沥青稀浆封层车,https://img.lmjx.net/zjupload/201106/39/13080331225737.jpg!605x375.jpg,https://zj.lmjx.net/xijiangfengcengche/sijiate/hrf100a/
高远圣工 HGY5255TFCZT （A款）同步碎石封层车,https://img.lmjx.net/zjupload/201805/24/20180507165829_78905.png!605x375.jpg,https://zj.lmjx.net/tongbufengcengche/gaoyuan/hgy5255tfczt/
高远圣工 HGY5181TYH 保温储料式路面养护车,https://zj-static.lmjx.net/upload/202301/30/811w541h1675066378594257.png!605x375.jpg,https://zj.lmjx.net/yanghucheqiangxiuche/gaoyuan/hgy5181tyh/
欣融 SLS5090GLQ 5方普通型沥青洒布车,https://zj-static.lmjx.net/upload/202103/01/600w449h1614565916242302.jpg!605x375.jpg,https://zj.lmjx.net/liqingsabuche/xinrong/sls5090glq2/
北京加隆 CLX-1000型 路面铣刨机,https://img.lmjx.net/zjupload/201108/86/13142554196090.jpg!605x375.jpg,https://zj.lmjx.net/xibaoji/calong/clx1000.0/
高远圣工 HGY5254TFC 稀浆封层车,https://zj-static.lmjx.net/upload/202007/24/1000w744h1595571735333858.jpg!605x375.jpg,https://zj.lmjx.net/xijiangfengcengche/gaoyuan/hgy5254tfc/
徐工 XTF1005R 同步碎石封层车,https://zj-static.lmjx.net/upload/202203/10/700w487h1646909826407868.jpg!605x375.jpg,https://zj.lmjx.net/tongbufengcengche/xcmg/xtf1005r/
易路美 HOTBOX-E600 拖挂式热再生养护车(E系列),https://img.lmjx.net/zjupload/201807/87/20180725162052_76289.jpg!605x375.jpg,https://zj.lmjx.net/yanghucheqiangxiuche/yilumei/hotboxe600/
河南鼎诚 DCLS0860 沥青洒布车,https://img.lmjx.net/zjupload/201608/29/20160803102834_94168.jpg!605x375.jpg,https://zj.lmjx.net/liqingsabuche/dingcheng/dcls0860/
酒井 ER551 铣刨机,https://img.lmjx.net/zjupload/201106/15/13076969245066.jpg!605x375.jpg,https://zj.lmjx.net/xibaoji/saikai/er551/
思嘉特 HRF-100型 乳化沥青稀浆封层车,https://img.lmjx.net/zjupload/201106/6/13080330089988.jpg!605x375.jpg,https://zj.lmjx.net/xijiangfengcengche/sijiate/hrf100/
欧亚机械 EA5250TFCMC4C1 (国VI) 同步碎石封层车,https://zj-static.lmjx.net/upload/202107/20/1184w728h1626746517976173.jpg!605x375.jpg,https://zj.lmjx.net/tongbufengcengche/ouya/ea5250tfcmc4c1vi/
森远 AD5080TYHR 型 沥青路面养护车,https://img.lmjx.net/zjupload/201806/80/20180619101556_48323.jpg!605x375.jpg,https://zj.lmjx.net/yanghucheqiangxiuche/senyuan/ad5080tyhr/
科筑 智能型 沥青洒布车,https://img.lmjx.net/zjupload/201205/62/20120517132452_70043.jpg!605x375.jpg,https://zj.lmjx.net/liqingsabuche/kezhu/11969/
北方交通 KFX1000QDB型 铣刨机,https://zj-static.lmjx.net/upload/202201/07/448w330h1641545491116966.jpg!605x375.jpg,https://zj.lmjx.net/xibaoji/northtraffic/1000qdb/
高远圣工 HGY5311TFCST 智能加粘加纤稀浆封层车,https://zj-static.lmjx.net/upload/202007/24/1200w675h1595570871769170.jpg!605x375.jpg,https://zj.lmjx.net/xijiangfengcengche/gaoyuan/hgy5311tfcsf/
河南鼎诚 半挂 沥青纤维碎石同步封层机,https://img.lmjx.net/zjupload/201810/14/20181009134608_16354.jpg!605x375.jpg,https://zj.lmjx.net/tongbufengcengche/dingcheng/33293/
恒润高科 HHR5163LYH 路面养护车,https://img.lmjx.net/zjupload/201108/49/13146943306998.jpg!605x375.jpg,https://zj.lmjx.net/yanghucheqiangxiuche/hengrungaoke/hhr5163lyh/
恒端 普通型 沥青洒布车,https://img.lmjx.net/zjupload/201205/97/20120517134303_11474.jpg!605x375.jpg,https://zj.lmjx.net/liqingsabuche/hengduan/11971/
三一重工 SCM1300C-8 1.3米铣刨机,https://zj-static.lmjx.net/upload/202206/01/1200w800h1654064243552153.jpg!605x375.jpg,https://zj.lmjx.net/xibaoji/sany/scm1300c8/
亿龙机械 LM200 小型拉毛机,https://zj-static.lmjx.net/www/RemotePhoto/2009-9/20099913541981144.jpg!605x375.jpg,https://zj.lmjx.net/tongbufengcengche/yilongmachinery/lm200/
北方交通 KFM5164TYHRF型 道路热再生养护车,https://zj-static.lmjx.net/upload/202201/07/448w330h1641545043810508.jpg!605x375.jpg,https://zj.lmjx.net/yanghucheqiangxiuche/northtraffic/kfm5164tyhrf/
内蒙古北方重工 3307B-W 矿用洒水车,https://img.lmjx.net/zjupload/201109/27/13173492306690.gif,https://zj.lmjx.net/liqingsabuche/nhig/3307bw/
维特根 W 55 HRi 国四冷铣刨机,https://zj-static.lmjx.net/upload/202212/05/1200w800h1670238258186561.jpg!605x375.jpg,https://zj.lmjx.net/xibaoji/wirtgen/w55hri/
赛格玛 同步 碎石封层设备,https://img.lmjx.net/zjupload/201103/14/20110309182529_98876.jpg!605x375.jpg,https://zj.lmjx.net/tongbufengcengche/secmair/7369/
威平 WS13 液压切割锯,https://img.lmjx.net/zjupload/201605/95/20160524110143_48601.jpg!605x375.jpg,https://zj.lmjx.net/yanghucheqiangxiuche/weiping/ws13.3/
山河 CRZ―8.0乳化 沥青洒布车,https://zj-static.lmjx.net/www/userfiles/Image/chp-2-88.gif,https://zj.lmjx.net/liqingsabuche/shanhe/crz80/
卡特彼勒 PM200 铣刨机,https://img.lmjx.net/zjupload/201407/38/20140717163421_67867.jpg!605x375.jpg,https://zj.lmjx.net/xibaoji/caterpillar/pm200/
圣岳 JC608 沥青碎石同步封层车,https://img.lmjx.net/zjupload/201604/11/20160405105642_94951.jpg!605x375.jpg,https://zj.lmjx.net/tongbufengcengche/shengyue/jc608/
隆瑞机械 LYLT06D 热再生路面修补机,https://img.lmjx.net/zjupload/201505/28/20150505140416_25121.jpg!605x375.jpg,https://zj.lmjx.net/yanghucheqiangxiuche/longrui/lylt06d/
思嘉特 LQP4型 电子控制沥青洒布车,https://img.lmjx.net/zjupload/201106/64/13080371287810.jpg!605x375.jpg,https://zj.lmjx.net/liqingsabuche/sijiate/lqp4/
徐工 XM405 小型铣刨机,https://zj-static.lmjx.net/upload/202303/03/800w533h1677824455833021.jpg!605x375.jpg,https://zj.lmjx.net/xibaoji/xcmg/xm405/
天骏机械 JQ5315TFC 内举升式沥青碎石同步封层车,https://img.lmjx.net/zjupload/201412/81/20141201175819_63237.jpg!605x375.jpg,https://zj.lmjx.net/tongbufengcengche/tianjun/jq5315tfc/
运想重工 RS5210微波路面 养护车,https://img.lmjx.net/zjupload/201306/17/20130603142744_67543.jpg!605x375.jpg,https://zj.lmjx.net/yanghucheqiangxiuche/yunxiang/rs5210/
广通 沥青洒布车 ,https://img.lmjx.net/zjupload/201311/33/20131129153543_23612.jpg!605x375.jpg,https://zj.lmjx.net/liqingsabuche/guangtong/17773/
山推 SM200M-C6 铣刨机,https://zj-static.lmjx.net/upload/202106/25/1200w800h1624614131767902.jpg!605x375.jpg,https://zj.lmjx.net/xibaoji/shantui/sm200mc6/
骏强 JQ5252TFC 沥青碎石同步封层车,https://img.lmjx.net/zjupload/201411/89/20141112102621_56901.jpg!605x375.jpg,https://zj.lmjx.net/tongbufengcengche/junqiang/jq5252tfc/
友一机械 FAHT04DM 路面综合养护车,https://zj-static.lmjx.net/upload/202104/25/500w300h1619333436741104.jpg!605x375.jpg,https://zj.lmjx.net/yanghucheqiangxiuche/youyi/faht04dm/
瑞德 EAGER－RDA12C 沥青洒布车,https://img.lmjx.net/zjupload/201404/20/20140430161636_94736.jpg!605x375.jpg,https://zj.lmjx.net/liqingsabuche/ruide/eagerrda12c/
戴纳派克 Dynapac PL 500 铣刨机,https://img.lmjx.net/zjupload/201807/20/20180709144546_36052.jpg!605x375.jpg,https://zj.lmjx.net/xibaoji/dynapac/dynapacpl500.9/
山东奥邦 JG5250TFCSD 同步封层车,https://img.lmjx.net/news/statics/images/nopic.gif,https://zj.lmjx.net/tongbufengcengche/aobang/jg5250tfcsd.2/
英达 PM180 沥青路面热再生修补车（修路王）,https://zj-static.lmjx.net/upload/202001/17/1200w800h1579250390268986.jpg!605x375.jpg,https://zj.lmjx.net/yanghucheqiangxiuche/freetech/pm180.1/
郴筑 CZL5060GLS 沥青洒布车,https://img.lmjx.net/zjupload/201108/23/13141730987686.jpg!605x375.jpg,https://zj.lmjx.net/liqingsabuche/chenzhu/czl5060gls/
宝马格 BM 1000/20 CC 国四1米铣刨机,https://zj-static.lmjx.net/upload/202304/19/1200w800h1681870824588443.jpg!605x375.jpg,https://zj.lmjx.net/xibaoji/bomag/bm100020cc/
达刚控股 DGL5310TFC -T406 沥青碎石同步封层车,https://zj-static.lmjx.net/upload/202008/05/1200w800h1596623489307158.jpg!605x375.jpg,https://zj.lmjx.net/tongbufengcengche/dagang/dgl5310tfct406/
达刚控股 DGL5163TYH-055（国V） 沥青路面养护车,https://img.lmjx.net/zjupload/201812/87/20181224174313_20174.png!605x375.jpg,https://zj.lmjx.net/yanghucheqiangxiuche/dagang/dgl5163tyh055v/
天骏机械 JQLS0860 沥青洒布车,https://img.lmjx.net/zjupload/201412/30/20141202090927_69308.jpg!605x375.jpg,https://zj.lmjx.net/liqingsabuche/tianjun/jqls0860/
镇江路机 RM2000 路面铣刨机,https://img.lmjx.net/zjupload/201803/90/20180306164944_51157.jpg!605x375.jpg,https://zj.lmjx.net/xibaoji/luji/rm2000/
美通筑机 LMT5256TFCT-S 【国六】沥青碎石同步封层车,https://zj-static.lmjx.net/upload/202108/17/1080w720h1629170282156362.jpg!605x375.jpg,https://zj.lmjx.net/tongbufengcengche/metong/lmt5256tfcts/
徐工 XLY105T 沥青路面养护车,https://zj-static.lmjx.net/upload/202203/10/700w487h1646905848182049.jpg!605x375.jpg,https://zj.lmjx.net/yanghucheqiangxiuche/xcmg/xly105t/
达刚控股 5000L 智能型沥青洒布车,https://img.lmjx.net/zjupload/201812/51/20181225144117_46791.png!605x375.jpg,https://zj.lmjx.net/liqingsabuche/dagang/5000l/
宜迅 YX-350D 电动路面铣刨机,https://zj-static.lmjx.net/upload/202005/12/900w600h1589275605650656.jpg!605x375.jpg,https://zj.lmjx.net/xibaoji/yixun/yx350d/
高远圣工 HGY5255TFCZT （B款）同步碎石封层车,https://img.lmjx.net/zjupload/201805/45/20180507170136_95838.png!605x375.jpg,https://zj.lmjx.net/tongbufengcengche/gaoyuan/hgy5255tfzt/
美通筑机 LMT5255TYHBSX 【国六】储料式路面养护车,https://zj-static.lmjx.net/upload/202201/07/1200w900h1641553215731830.jpg!605x375.jpg,https://zj.lmjx.net/yanghucheqiangxiuche/metong/lmt5255tyhbsx/
美通筑机 LMT5146GLQP-B 【国六】普通型沥青洒布车,https://zj-static.lmjx.net/upload/202201/07/1200w900h1641553530081281.jpg!605x375.jpg,https://zj.lmjx.net/liqingsabuche/metong/lmt5146glqpb/
路霸 LB-250C 铣刨机,https://zj-static.lmjx.net/upload/201910/24/600w546h1571884694468412.jpg!605x375.jpg,https://zj.lmjx.net/xibaoji/roadbar/lb250c/
徐工 XTF100 同步碎石封层车,https://zj-static.lmjx.net/upload/201904/19/900w626h1555669427793084.jpg!605x375.jpg,https://zj.lmjx.net/tongbufengcengche/xcmg/xtf100/
高远圣工 HGY5150TYH 路面养护车,https://img.lmjx.net/zjupload/201808/24/20180829103858_13655.jpg!605x375.jpg,https://zj.lmjx.net/yanghucheqiangxiuche/gaoyuan/hgy5150tyh/
高远圣工 HGY5185GLQ 沥青洒布车,https://zj-static.lmjx.net/upload/202301/30/802w531h1675048841222808.png!605x375.jpg,https://zj.lmjx.net/liqingsabuche/gaoyuan/hgy5185glq/
路得威 RWXB21 铣刨机（铣刨回收车）,https://zj-static.lmjx.net/upload/202105/12/900w600h1620801077085326.jpg!605x375.jpg,https://zj.lmjx.net/xibaoji/ludewei/rwxb212/
欧亚机械 VS 738 同步碎石封层车,https://img.lmjx.net/zjupload/201105/14/13044953627142.jpg!605x375.jpg,https://zj.lmjx.net/tongbufengcengche/ouya/vs738/
易路美 HOTBOX-S1000-III 热再生综合养护车（分体车载式）,https://zj-static.lmjx.net/upload/202104/22/1200w800h1619070281256204.jpg!605x375.jpg,https://zj.lmjx.net/yanghucheqiangxiuche/yilumei/hotboxs1000/
徐工 XLS405 沥青洒布车,https://zj-static.lmjx.net/upload/202303/06/852w568h1678092408001008.jpg!605x375.jpg,https://zj.lmjx.net/liqingsabuche/xcmg/xls405/
天顺长城 S2000 铣刨机,https://zj-static.lmjx.net/upload/202007/29/1200w800h1596011661147721.jpg!605x375.jpg,https://zj.lmjx.net/xibaoji/tianshunchangcheng/s20001/
河南鼎诚 DCLWF0814 沥青碎石螺旋同步封层车,https://img.lmjx.net/zjupload/201803/22/20180327151538_16441.jpg!605x375.jpg,https://zj.lmjx.net/tongbufengcengche/dingcheng/dclwf0814/
森远 AD5091TYHRQ型 路面养护车,https://img.lmjx.net/zjupload/201806/4/20180619100002_94533.jpg!605x375.jpg,https://zj.lmjx.net/yanghucheqiangxiuche/senyuan/ad5091tyhrq/
浙江筑马机械 6立方 沥青洒布车,https://zj-static.lmjx.net/upload/202103/03/1200w800h1614752850627880.jpg!605x375.jpg,https://zj.lmjx.net/liqingsabuche/zhuma/6lf/
威M特 LXD120 沥青路面铣刨机,https://zj-static.lmjx.net/upload/202101/28/600w450h1611828693832037.jpg!605x375.jpg,https://zj.lmjx.net/xibaoji/weite/lxd120/
亿龙机械 XC0408D型 吸尘器,https://zj-static.lmjx.net/www/RemotePhoto/2009-9/20099913522544938.jpg!605x375.jpg,https://zj.lmjx.net/tongbufengcengche/yilongmachinery/xc0408d/
恒润高科 HHR5164LYH 路面养护车,https://img.lmjx.net/zjupload/201108/93/13146942725095.jpg!605x375.jpg,https://zj.lmjx.net/yanghucheqiangxiuche/hengrungaoke/hhr5164lyh/
杭州市政 6T 智能沥青洒布车,https://img.lmjx.net/zjupload/201203/71/20120312105301_65538.jpg!605x375.jpg,https://zj.lmjx.net/liqingsabuche/shuangjian/6t/
信德机械 XD-500 路面刻纹机,https://img.lmjx.net/zjupload/201706/15/20170630152225_67707.jpg!605x375.jpg,https://zj.lmjx.net/xibaoji/xinde/xd500/
赛格玛 KALALUX 400 型 纤维封层机,https://img.lmjx.net/zjupload/201103/24/20110309182434_90071.jpg!605x375.jpg,https://zj.lmjx.net/tongbufengcengche/secmair/kalalux400/
北方交通 KFM5160TYHLC型 综合养护车,https://zj-static.lmjx.net/upload/202201/07/448w330h1641544833050420.jpg!605x375.jpg,https://zj.lmjx.net/yanghucheqiangxiuche/northtraffic/kfm5160tyhlc/
新友 XY5100GLQ型5立方 全自动沥青洒布车,https://img.lmjx.net/zjupload/201305/19/20130528094700_29217.jpg!605x375.jpg,https://zj.lmjx.net/liqingsabuche/xinyou/xy5100glq5/
峰源机械 FY-3A 手持式三头混凝土凿毛机,https://img.lmjx.net/zjupload/201505/62/20150514142449_53869.jpg!605x375.jpg,https://zj.lmjx.net/xibaoji/fengyuan/fy3a/
圣岳 JC12 沥青碎石同步封层车,https://img.lmjx.net/zjupload/201604/11/20160405105642_94951.jpg!605x375.jpg,https://zj.lmjx.net/tongbufengcengche/shengyue/jc12/
威平 WS13 液压切割锯,https://img.lmjx.net/zjupload/201605/95/20160524110143_48601.jpg!605x375.jpg,https://zj.lmjx.net/yanghucheqiangxiuche/weiping/ws13/
欧亚机械 EA5180GLQMB1Z1 (国VI) 沥青洒布车,https://zj-static.lmjx.net/upload/202107/20/1184w728h1626746977829581.jpg!605x375.jpg,https://zj.lmjx.net/liqingsabuche/ouya/ea5180glqmb1z1vi/
天骏机械 300型 电动铣刨机,https://img.lmjx.net/zjupload/201412/91/20141202103617_16405.jpg!605x375.jpg,https://zj.lmjx.net/xibaoji/tianjun/300/
骏强 JQ5315TFC 皮带式 沥青碎石同步封层车,https://img.lmjx.net/zjupload/201504/42/20150429095128_60903.jpg!605x375.jpg,https://zj.lmjx.net/tongbufengcengche/junqiang/jq5315tfc/
隆瑞机械 LYL5162TXB 沥青路面修补车,https://img.lmjx.net/zjupload/201705/35/20170511095632_13887.jpg!605x375.jpg,https://zj.lmjx.net/yanghucheqiangxiuche/longrui/lyl5162txb/
山东奥邦 SX5200GLQ型10吨 智能沥青洒布车,https://img.lmjx.net/zjupload/image/201308/77/f_1376464777304072.jpg!605x375.jpg,https://zj.lmjx.net/liqingsabuche/aobang/sx5200glq10/
山联重科 SLXB-30 铣刨机,https://img.lmjx.net/zjupload/201406/35/20140617142331_12122.jpg!605x375.jpg,https://zj.lmjx.net/xibaoji/shanlianzhongke/slxb30/
达刚控股 DGL5250TFC-T386 沥青碎石同步封层车,https://zj-static.lmjx.net/upload/202008/05/1200w800h1596623489307158.jpg!605x375.jpg,https://zj.lmjx.net/tongbufengcengche/dagang/dgl5250tfct386/
英达 PM250 沥青路面热再生修补车（修路王）,https://zj-static.lmjx.net/upload/202001/17/1200w800h1579249822625486.jpg!605x375.jpg,https://zj.lmjx.net/yanghucheqiangxiuche/freetech/pm250/
欣融 SLS5090GLQ 5方普导型沥青洒布车,https://zj-static.lmjx.net/upload/202102/26/600w450h1614333681732277.jpg!605x375.jpg,https://zj.lmjx.net/liqingsabuche/xinrong/sls5090glq1/
福瑞得 FYCB-250 铣刨机,https://img.lmjx.net/zjupload/201404/82/20140429094138_14547.jpg!605x375.jpg,https://zj.lmjx.net/xibaoji/furuide/fycb250/
美通筑机 LMT5256TFCT-H 【国六】沥青碎石同步封层车,https://zj-static.lmjx.net/upload/202201/07/1200w900h1641553904081288.jpg!605x375.jpg,https://zj.lmjx.net/tongbufengcengche/metong/lmt5256tfcth/
徐工 XLY100TA 路面养护车,https://zj-static.lmjx.net/upload/201904/19/500w348h1555667909871966.jpg!605x375.jpg,https://zj.lmjx.net/yanghucheqiangxiuche/xcmg/xly100ta.0/
河南鼎诚 DCLS0660 沥青洒布车,https://img.lmjx.net/zjupload/201712/51/20171222093412_15986.jpg!605x375.jpg,https://zj.lmjx.net/liqingsabuche/dingcheng/dcls0660/
筑邦 ZP300D 铣刨机,https://img.lmjx.net/zjupload/201404/0/20140414145425_75461.jpg!605x375.jpg,https://zj.lmjx.net/xibaoji/zhubang/zp300d/
高远圣工 HGY5316TFCZ6 同步封层车,https://zj-static.lmjx.net/upload/202301/30/1012w675h1675045801294494.jpg!605x375.jpg,https://zj.lmjx.net/tongbufengcengche/gaoyuan/hgy5318tfc/
美通筑机 LMT5180TYHB 【国六】储料式路面养护车,https://zj-static.lmjx.net/upload/202201/07/1200w900h1641552905157033.jpg!605x375.jpg,https://zj.lmjx.net/yanghucheqiangxiuche/metong/lmt5180tyhb/
恒端 智能升级型 沥青洒布车,https://img.lmjx.net/zjupload/201205/20/20120517134134_76893.jpg!605x375.jpg,https://zj.lmjx.net/liqingsabuche/hengduan/11970/
萨奥机械 SYCB-250 汽油小型铣刨机,https://img.lmjx.net/zjupload/201812/4/20181214170928_12590.jpg!605x375.jpg,https://zj.lmjx.net/xibaoji/saao/sycb250/
徐工 XTF120A 同步碎石封层车,https://zj-static.lmjx.net/upload/201904/19/900w626h1555669341564891.jpg!605x375.jpg,https://zj.lmjx.net/tongbufengcengche/xcmg/xtf120a/
高远圣工 HGY5250TPH 排水性路面机能恢复车,https://zj-static.lmjx.net/upload/202301/30/806w538h1675066620986306.jpg!605x375.jpg,https://zj.lmjx.net/yanghucheqiangxiuche/gaoyuan/hgy5250tph1/
内蒙古北方重工 3305F-W 矿用洒水车,https://img.lmjx.net/zjupload/201109/27/13173492306690.gif,https://zj.lmjx.net/liqingsabuche/nhig/3305fw/
思拓瑞克 STSM-250 小型铣刨机,https://img.lmjx.net/zjupload/201606/4/20160629093059_40568.jpg!605x375.jpg,https://zj.lmjx.net/xibaoji/situoruike/stsm250/
欧亚机械 BI 844 同步碎石封层车,https://img.lmjx.net/zjupload/201105/21/13044953184432.jpg!605x375.jpg,https://zj.lmjx.net/tongbufengcengche/ouya/bi844/
森远 AD5160TYHRQS 路面养护车,https://img.lmjx.net/zjupload/201806/84/20180619095636_33483.jpg!605x375.jpg,https://zj.lmjx.net/yanghucheqiangxiuche/senyuan/ad5160tyhrqs/
山河 乳化 沥青洒布车,https://zj-static.lmjx.net/www/userfiles/Image/照片-015.jpg!605x375.jpg,https://zj.lmjx.net/liqingsabuche/shanhe/3303/
万里 铣刨清理 一体机,https://zj-static.lmjx.net/upload/201910/30/800w535h1572416386003596.jpg!605x375.jpg,https://zj.lmjx.net/xibaoji/wanli427/35257/
河南鼎诚 HTN5313TFC 沥青碎石同步封层车,https://img.lmjx.net/zjupload/201610/36/20161011101759_42063.jpg!605x375.jpg,https://zj.lmjx.net/tongbufengcengche/dingcheng/htn5313tfc/
恒润高科 HHR5162LYH 高速公路路面综合养护车,https://zj-static.lmjx.net/www/RemotePhoto/2010-1/201011911182918384.jpg!605x375.jpg,https://zj.lmjx.net/yanghucheqiangxiuche/hengrungaoke/hhr5162lyh/
思嘉特 LQP6型 电子控制沥青洒布车,https://img.lmjx.net/zjupload/201106/25/13080357088781.jpg!605x375.jpg,https://zj.lmjx.net/liqingsabuche/sijiate/lqp6/
威平 WRS300 铣刨机,https://img.lmjx.net/zjupload/201103/83/20110303124249_98404.jpg!605x375.jpg,https://zj.lmjx.net/xibaoji/weiping/wrs300/
赛格玛 纤维 封层设备,https://img.lmjx.net/zjupload/201103/69/20110309182239_91172.jpg!605x375.jpg,https://zj.lmjx.net/tongbufengcengche/secmair/7367/
北方交通 KFM5124TYHLC型 综合养护车,https://zj-static.lmjx.net/upload/202201/07/448w330h1641544789234338.jpg!605x375.jpg,https://zj.lmjx.net/yanghucheqiangxiuche/northtraffic/kfm5124tyhlc/
瑞德 EAGER　 沥青洒布车,https://img.lmjx.net/zjupload/201404/60/20140430155043_55056.jpg!605x375.jpg,https://zj.lmjx.net/liqingsabuche/ruide/eager/
恒升 LX1000-A 铣刨机,https://zj-static.lmjx.net/www/userfiles/Image/111.gif,https://zj.lmjx.net/xibaoji/hengsheng/lx1000a/
圣岳 JC10 沥青碎石同步封层车,https://img.lmjx.net/zjupload/201604/11/20160405105642_94951.jpg!605x375.jpg,https://zj.lmjx.net/tongbufengcengche/shengyue/jc10/
隆瑞机械 RQG500 热再生路面修补机,https://img.lmjx.net/zjupload/201505/86/20150505160134_13578.jpg!605x375.jpg,https://zj.lmjx.net/yanghucheqiangxiuche/longrui/rqg500/
郴筑 CZL5070GLS 沥青洒布车,https://img.lmjx.net/zjupload/201108/87/13141730546557.jpg!605x375.jpg,https://zj.lmjx.net/liqingsabuche/chenzhu/czl5070gls/
凯雷 K1000C型 自行式滚切路面铣刨机,https://zj-static.lmjx.net/www/RemotePhoto/2007-11/200711161438057889.jpg!605x375.jpg,https://zj.lmjx.net/xibaoji/kailei/k1000c/
达刚控股 DGL5251TFC  -T386 沥青碎石同步封层车,https://zj-static.lmjx.net/upload/202008/05/1200w800h1596623489307158.jpg!605x375.jpg,https://zj.lmjx.net/tongbufengcengche/dagang/dgl5251tfct386/
英达 PM300 沥青路面热再生修补车（修路王）,https://zj-static.lmjx.net/upload/202001/17/1000w655h1579250333411537.jpg!605x375.jpg,https://zj.lmjx.net/yanghucheqiangxiuche/freetech/pm300/
达刚控股 DGL5163GLQ-066 智能型(橡胶）沥青洒布车,https://zj-static.lmjx.net/upload/202210/27/1200w800h1666852405307786.jpg!605x375.jpg,https://zj.lmjx.net/liqingsabuche/dagang/dgl5163glq066/
宏大 HD2000super 铣刨机,https://img.lmjx.net/zjupload/201612/39/20161216161331_85010.jpg!605x375.jpg,https://zj.lmjx.net/xibaoji/hme/hd2000super/
美通筑机 LMT5318TFCW-S 【国六】沥青碎石纤维同步封层车,https://zj-static.lmjx.net/upload/202112/17/1200w694h1639734688209152.jpg!605x375.jpg,https://zj.lmjx.net/tongbufengcengche/metong/lmt5318tfcws/
徐工 XLY103TB 路面养护车,https://zj-static.lmjx.net/upload/202102/02/1000w695h1612260618377217.jpg!605x375.jpg,https://zj.lmjx.net/yanghucheqiangxiuche/xcmg/xly103tb/
美通筑机 LMT5126GLQP-B 【国六】普通型沥青洒布车,https://zj-static.lmjx.net/upload/202201/07/1200w900h1641553398005074.jpg!605x375.jpg,https://zj.lmjx.net/liqingsabuche/metong/lmt5126glqpb/
鼎盛重工 LXL1200F 路面铣刨机,https://img.lmjx.net/zjupload/201303/80/20130306164150_52442.gif,https://zj.lmjx.net/xibaoji/dingsheng/lxl1200f/
高远圣工 HGY5316TFCST 智能纤维同步碎石封层车,https://zj-static.lmjx.net/upload/202301/30/1000w676h1675045964959381.jpg!605x375.jpg,https://zj.lmjx.net/tongbufengcengche/gaoyuan/hgy5316tfcst/
美通筑机 LMT5166TYHB 【国六】储料式路面养护车,https://zj-static.lmjx.net/upload/202201/07/1200w900h1641552793828411.jpg!605x375.jpg,https://zj.lmjx.net/yanghucheqiangxiuche/metong/lmt5166tyhb/
高远圣工 HGY5256GLQ 橡胶沥青洒布车,https://zj-static.lmjx.net/upload/202007/24/1200w675h1595574894661510.jpg!605x375.jpg,https://zj.lmjx.net/liqingsabuche/gaoyuan/hgy5256glq.2/
北京加隆 CLX1000型 铣刨机,https://zj-static.lmjx.net/www/RemotePhoto/2008-5/200851921524888818.jpg!605x375.jpg,https://zj.lmjx.net/xibaoji/calong/clx1000/
欧亚机械 CB 840 同步碎石封层车,https://img.lmjx.net/zjupload/201105/68/13044952798480.jpg!605x375.jpg,https://zj.lmjx.net/tongbufengcengche/ouya/cb840/
高远圣工 YDGC1205 护栏清洗机,https://zj-static.lmjx.net/upload/201906/26/553w415h1561541305312671.jpg!605x375.jpg,https://zj.lmjx.net/yanghucheqiangxiuche/gaoyuan/ydgc1205/
徐工 XLS805 沥青洒布车,https://zj-static.lmjx.net/upload/202303/06/852w568h1678092283057079.jpg!605x375.jpg,https://zj.lmjx.net/liqingsabuche/xcmg/xls805/
北方交通 KFX1000QH型 铣刨机,https://zj-static.lmjx.net/upload/202201/07/448w330h1641545578313670.jpg!605x375.jpg,https://zj.lmjx.net/xibaoji/northtraffic/kfx1000q/
圣岳 JC08 沥青碎石同步封层车,https://img.lmjx.net/zjupload/201604/11/20160405105642_94951.jpg!605x375.jpg,https://zj.lmjx.net/tongbufengcengche/shengyue/jc08/
森远 AD5250TYHBW型 路面养护车,https://img.lmjx.net/zjupload/201806/57/20180619094126_59927.jpg!605x375.jpg,https://zj.lmjx.net/yanghucheqiangxiuche/senyuan/ad5250tyhbw/
浙江筑马机械 9立方 沥青洒布车,https://zj-static.lmjx.net/upload/202103/03/1200w800h1614752796813908.jpg!605x375.jpg,https://zj.lmjx.net/liqingsabuche/zhuma/9lf/
三一重工 SCM1000C-8 1米铣刨机,https://zj-static.lmjx.net/upload/202206/01/1200w800h1654064611860969.jpg!605x375.jpg,https://zj.lmjx.net/xibaoji/sany/scm1000c8/
达刚控股 DGL5250TFC  -T455 沥青碎石同步封层车,https://zj-static.lmjx.net/upload/202007/23/800w600h1595474724090229.jpg!605x375.jpg,https://zj.lmjx.net/tongbufengcengche/dagang/dgl5250tfct455/
恒润高科 HHR5050TQX型 公路护栏抢修车,https://zj-static.lmjx.net/www/RemotePhoto/2010-1/20101191194927895.jpg!605x375.jpg,https://zj.lmjx.net/yanghucheqiangxiuche/hengrungaoke/hhr5050tqx/
杭州市政 HZJ5073GLQ 普通型沥青洒布车,https://img.lmjx.net/zjupload/201203/99/20120312105026_74484.jpg!605x375.jpg,https://zj.lmjx.net/liqingsabuche/shuangjian/hzj5073glq/
维特根 W 100 HRi 国四冷铣刨机,https://zj-static.lmjx.net/upload/202212/05/1200w800h1670238389460361.jpg!605x375.jpg,https://zj.lmjx.net/xibaoji/wirtgen/w100hri/
美通筑机 LMT5318TFCW-H 【国六】沥青碎石纤维同步封层车,https://zj-static.lmjx.net/upload/202201/07/1200w900h1641554146306083.jpg!605x375.jpg,https://zj.lmjx.net/tongbufengcengche/metong/lmt5318tfcwh/
北方交通 KFM5126TYH型 综合养护车,https://zj-static.lmjx.net/upload/202201/07/448w330h1641544716797145.jpg!605x375.jpg,https://zj.lmjx.net/yanghucheqiangxiuche/northtraffic/kfm5126tyh/
新友 XY5161GLQ-2型8立方 全自动沥青洒布车,https://img.lmjx.net/zjupload/201305/30/20130528094834_92169.jpg!605x375.jpg,https://zj.lmjx.net/liqingsabuche/xinyou/xy5161glq28/
卡特彼勒 PM-201 冷铣刨机,https://zj-static.lmjx.net/upload/202312/21/800w534h1703148187044776.jpg!605x375.jpg,https://zj.lmjx.net/xibaoji/caterpillar/pm201/
高远圣工 GYXKT0812 加纤同步碎石封层车,https://zj-static.lmjx.net/upload/201906/26/800w535h1561540439379854.jpg!605x375.jpg,https://zj.lmjx.net/tongbufengcengche/gaoyuan/gyxkt08121/
隆瑞机械 RQG500C 热再生路面修补机,https://img.lmjx.net/zjupload/201505/86/20150505160134_13578.jpg!605x375.jpg,https://zj.lmjx.net/yanghucheqiangxiuche/longrui/rqg500c/
欧亚机械 EA5120GLQFK (国VI) 沥青洒布车,https://zj-static.lmjx.net/upload/202107/20/1184w728h1626747082861241.jpg!605x375.jpg,https://zj.lmjx.net/liqingsabuche/ouya/ea5120glqfkvi/
徐工 XM405S 小型铣刨机,https://zj-static.lmjx.net/upload/202303/03/800w533h1677824629529354.jpg!605x375.jpg,https://zj.lmjx.net/xibaoji/xcmg/xm405s/
欧亚机械 CB 638 同步碎石封层车,https://img.lmjx.net/zjupload/201105/44/13044951877841.jpg!605x375.jpg,https://zj.lmjx.net/tongbufengcengche/ouya/cb638/
英达 PM380 沥青路面热再生修补车（修路王）,https://zj-static.lmjx.net/upload/202001/17/1200w800h1579249725431602.jpg!605x375.jpg,https://zj.lmjx.net/yanghucheqiangxiuche/freetech/pm380.1/
山东奥邦 SX5255GLQ型12吨 智能沥青洒布车,https://img.lmjx.net/zjupload/image/201309/14/f_1378513314494427.jpg!605x375.jpg,https://zj.lmjx.net/liqingsabuche/aobang/sx5255glq12/
山推 SMT100M-C6 铣刨机,https://zj-static.lmjx.net/upload/202106/25/1200w800h1624613924749109.jpg!605x375.jpg,https://zj.lmjx.net/xibaoji/shantui/smt100mc6/
达刚控股 DGL5310TFC  -T425A 沥青碎石同步封层车,https://img.lmjx.net/zjupload/201611/31/20161120195443_61519.jpg!605x375.jpg,https://zj.lmjx.net/tongbufengcengche/dagang/dgl5310tfct425a/
徐工 XLY500B 沥青路面养护车,https://zj-static.lmjx.net/upload/201904/19/900w626h1555669021649993.jpg!605x375.jpg,https://zj.lmjx.net/yanghucheqiangxiuche/xcmg/xly500b/
欣融 1.5立方沥青洒布车 沥青洒布车,https://img.lmjx.net/zjupload/image/201301/33/f_1357627633206877.jpg!605x375.jpg,https://zj.lmjx.net/liqingsabuche/xinrong/15/
宜迅 YX-500C 铣刨机,https://zj-static.lmjx.net/upload/202208/02/1200w800h1659426672871424.jpg!605x375.jpg,https://zj.lmjx.net/xibaoji/yixun/yx500c/
高远圣工 HGY5255TFCS6 国六同步碎石封层车,https://zj-static.lmjx.net/upload/202110/19/1267w845h1634628181987686.jpg!605x375.jpg,https://zj.lmjx.net/tongbufengcengche/gaoyuan/hgy5255tfcs6/
美通筑机 LMT5180TYHZ 【国六】热再生路面养护车,https://zj-static.lmjx.net/upload/202201/07/1200w900h1641552963345487.jpg!605x375.jpg,https://zj.lmjx.net/yanghucheqiangxiuche/metong/lmt5180tyhz/
内蒙古北方重工 3303B-W 矿用洒水车,https://img.lmjx.net/zjupload/201109/27/13173492306690.gif,https://zj.lmjx.net/liqingsabuche/nhig/3303bw/
路霸 LB-250D 铣刨机,https://zj-static.lmjx.net/upload/201910/24/600w565h1571882751405036.jpg!605x375.jpg,https://zj.lmjx.net/xibaoji/roadbar/lb250d/
达刚控股 DGL5250TFC-T385B 沥青碎石同步封层车,https://img.lmjx.net/zjupload/201812/26/20181224162042_54485.jpg!605x375.jpg,https://zj.lmjx.net/tongbufengcengche/dagang/dgl5250tfct385b/
高远圣工 HGY5142TXBJ6 路面养护车,https://img.lmjx.net/zjupload/201612/60/20161216153006_40125.jpg!605x375.jpg,https://zj.lmjx.net/yanghucheqiangxiuche/gaoyuan/hgy5130tyh/
思嘉特 LQP8型 电子控制沥青洒布车,https://img.lmjx.net/zjupload/201106/43/13080351978798.jpg!605x375.jpg,https://zj.lmjx.net/liqingsabuche/sijiate/lqp8/
路得威 RWXB21 铣刨机（铣刨回收车）,https://zj-static.lmjx.net/upload/202105/12/900w600h1620801077085326.jpg!605x375.jpg,https://zj.lmjx.net/xibaoji/ludewei/rwxb211/
高远圣工 HGY5319TFCS6 国六同步碎石封层车,https://zj-static.lmjx.net/upload/202110/19/1200w800h1634627806142527.jpg!605x375.jpg,https://zj.lmjx.net/tongbufengcengche/gaoyuan/hgy5319tfcs6/
恒润高科 HHR5070TQX 公路护栏抢修车,https://zj-static.lmjx.net/www/RemotePhoto/2010-1/20101191183445242.jpg!605x375.jpg,https://zj.lmjx.net/yanghucheqiangxiuche/hengrungaoke/hhr5070tqx/
郴筑 CZL5095GLS 沥青洒布车,https://img.lmjx.net/zjupload/201108/51/13141730113103.jpg!605x375.jpg,https://zj.lmjx.net/liqingsabuche/chenzhu/czl5095gls/
天顺长城 S2000/77 铣刨机,https://zj-static.lmjx.net/upload/202003/04/1200w800h1583294593281709.jpg!605x375.jpg,https://zj.lmjx.net/xibaoji/tianshunchangcheng/s200077/
高远圣工 HGY9405TFC （纤维）沥青碎石同步封层半挂车,https://zj-static.lmjx.net/upload/202110/19/1200w800h1634627505371120.jpg!605x375.jpg,https://zj.lmjx.net/tongbufengcengche/gaoyuan/hgy9405tfc/
北方交通 KFM5125TYH型 综合养护车,https://zj-static.lmjx.net/upload/202201/07/448w330h1641544651562393.jpg!605x375.jpg,https://zj.lmjx.net/yanghucheqiangxiuche/northtraffic/kfm5125tyh/
达刚控股 DGL5183GLQ-086A 智能型(橡胶）沥青洒布车,https://zj-static.lmjx.net/upload/202210/27/1200w800h1666852405307786.jpg!605x375.jpg,https://zj.lmjx.net/liqingsabuche/dagang/dgl5183glq086a/
威M特 RM2000 铣刨机,https://zj-static.lmjx.net/upload/202101/28/600w450h1611828814806795.jpg!605x375.jpg,https://zj.lmjx.net/xibaoji/weite/rm2000/
高远圣工 HGY5253TFC 同步封层车,https://img.lmjx.net/zjupload/201612/85/20161216151536_47763.jpg!605x375.jpg,https://zj.lmjx.net/tongbufengcengche/gaoyuan/hgy5253tfc/
英达 PM200 沥青路面热再生修补车（修路王）,https://img.lmjx.net/zjupload/201501/84/20150127150412_96961.jpg!605x375.jpg,https://zj.lmjx.net/yanghucheqiangxiuche/freetech/pm220.1/
美通筑机 LMT5096GLQP-B 【国六】普通型沥青洒布车,https://zj-static.lmjx.net/upload/202108/19/1080w720h1629362108435579.jpg!605x375.jpg,https://zj.lmjx.net/liqingsabuche/metong/lmt5096glqpb/
信德机械 XD-250 电机铣刨机,https://img.lmjx.net/zjupload/201608/48/20160805092834_59980.jpg!605x375.jpg,https://zj.lmjx.net/xibaoji/xinde/xd250/
徐工 XLY100TB 沥青路面养护车,https://zj-static.lmjx.net/upload/201904/19/900w626h1555668005073542.jpg!605x375.jpg,https://zj.lmjx.net/yanghucheqiangxiuche/xcmg/xly100tb/
高远圣工 HGY5256GLQ 全自动沥青洒布车,https://zj-static.lmjx.net/upload/202007/24/1200w675h1595575138160690.jpg!605x375.jpg,https://zj.lmjx.net/liqingsabuche/gaoyuan/hgy5256glq/
峰源机械 FY-1A 手持式单头凿毛机,https://img.lmjx.net/zjupload/201505/92/20150514141440_85287.jpg!605x375.jpg,https://zj.lmjx.net/xibaoji/fengyuan/fy1a/
高远圣工 HGY5185TCX 智能破冰除雪车,https://zj-static.lmjx.net/upload/202007/24/1200w675h1595577352532032.jpg!605x375.jpg,https://zj.lmjx.net/yanghucheqiangxiuche/gaoyuan/hgy5185tcx/
徐工 XLS130A 沥青洒布车,https://zj-static.lmjx.net/upload/202104/25/670w466h1619342477825689.jpg!605x375.jpg,https://zj.lmjx.net/liqingsabuche/xcmg/xls130a.9/
天骏机械 200型 电动铣刨机,https://img.lmjx.net/zjupload/201412/35/20141202102057_17609.jpg!605x375.jpg,https://zj.lmjx.net/xibaoji/tianjun/200/
北方交通 KFM5083TYH型 综合养护车,https://zj-static.lmjx.net/upload/202201/07/448w330h1641544578715111.jpg!605x375.jpg,https://zj.lmjx.net/yanghucheqiangxiuche/northtraffic/kfm5083tyh/
浙江筑马机械 3立方 沥青洒布车,https://zj-static.lmjx.net/upload/202103/03/1200w800h1614752699506898.jpg!605x375.jpg,https://zj.lmjx.net/liqingsabuche/zhuma/09sbche/
筑邦 ZP300H 铣刨机,https://img.lmjx.net/zjupload/201404/15/20140414145845_25218.jpg!605x375.jpg,https://zj.lmjx.net/xibaoji/zhubang/zp300h/
北方交通 KFM5082TYH型 综合养护车,https://zj-static.lmjx.net/upload/202201/07/448w330h1641544525597435.jpg!605x375.jpg,https://zj.lmjx.net/yanghucheqiangxiuche/northtraffic/kfm5082tyh/
杭州市政 HZJ5110GLQ 普通型沥青洒布车,https://img.lmjx.net/zjupload/201203/59/20120312104831_45032.jpg!605x375.jpg,https://zj.lmjx.net/liqingsabuche/shuangjian/hzj5110glq/
萨奥机械 S-XB300 重型铣刨机,https://img.lmjx.net/zjupload/201812/38/20181214155850_13644.jpg!605x375.jpg,https://zj.lmjx.net/xibaoji/saao/sxb300/
北方交通 KFM5081TYH型 综合养护车,https://zj-static.lmjx.net/upload/202201/07/448w330h1641544461167012.jpg!605x375.jpg,https://zj.lmjx.net/yanghucheqiangxiuche/northtraffic/kfm5081tyh/
新友 XY5250GLQ型12立方 全自动沥青洒布车,https://img.lmjx.net/zjupload/201305/98/20130528095012_64667.jpg!605x375.jpg,https://zj.lmjx.net/liqingsabuche/xinyou/xy5250glq12/
威平 WRS255 铣刨机,https://img.lmjx.net/zjupload/201103/45/20110303124005_11925.jpg!605x375.jpg,https://zj.lmjx.net/xibaoji/weiping/wrs255/
欧亚机械 BA 126 沥青洒布车,https://img.lmjx.net/zjupload/201105/51/13044950716097.jpg!605x375.jpg,https://zj.lmjx.net/liqingsabuche/ouya/ba126/
恒升 LXH1000-A型 铣刨机,https://zj-static.lmjx.net/www/userfiles/Image/11(1).gif,https://zj.lmjx.net/xibaoji/hengsheng/lxh1000a/
山东奥邦 ZZ11644516D1 沥青洒布车,https://img.lmjx.net/zjupload/image/201501/33/f_1421117533823896.jpg!605x375.jpg,https://zj.lmjx.net/liqingsabuche/aobang/zz11644516d1/
宏大 HD2000M 铣刨机,https://img.lmjx.net/zjupload/201702/18/20170208171229_33654.jpg!605x375.jpg,https://zj.lmjx.net/xibaoji/hme/hd2000m/
欣融 TS-2000型拖式沥青洒布机 沥青洒布车,https://img.lmjx.net/zjupload/image/201210/46/f_1350028046603500.jpg!605x375.jpg,https://zj.lmjx.net/liqingsabuche/xinrong/ts2000/
北方交通 KFX1000DB 铣刨机,https://zj-static.lmjx.net/upload/202201/07/448w330h1641545394175787.jpg!605x375.jpg,https://zj.lmjx.net/xibaoji/northtraffic/kfx1000db/
思嘉特 LQP10型 电子控制沥青洒布车,https://img.lmjx.net/zjupload/201106/45/13080348543615.jpg!605x375.jpg,https://zj.lmjx.net/liqingsabuche/sijiate/lqp10/
三一重工 SCM2200C-8 2.2米铣刨机,https://zj-static.lmjx.net/upload/202206/01/1200w800h1654063798621433.jpg!605x375.jpg,https://zj.lmjx.net/xibaoji/sany/scm2200c8/
郴筑 　CZL5113GLS 沥青洒布车,https://img.lmjx.net/zjupload/201108/56/13141729402373.jpg!605x375.jpg,https://zj.lmjx.net/liqingsabuche/chenzhu/czl5113gls/
维特根 W 130 HRi 国四冷铣刨机,https://zj-static.lmjx.net/upload/202212/05/1200w800h1670238860747503.jpg!605x375.jpg,https://zj.lmjx.net/xibaoji/wirtgen/w130hri/
达刚控股 DGL5180GLQ-086 智能型(橡胶）沥青洒布车,https://zj-static.lmjx.net/upload/202210/27/1200w800h1666852405307786.jpg!605x375.jpg,https://zj.lmjx.net/liqingsabuche/dagang/dgl5180glq086/
徐工 XM1005F 中型前输料铣刨机,https://zj-static.lmjx.net/upload/202303/03/800w533h1677825218551233.jpg!605x375.jpg,https://zj.lmjx.net/xibaoji/xcmg/xm1005f/
美通筑机 LMT5076GLQP-B 【国六】普通型沥青洒布车,https://zj-static.lmjx.net/upload/202201/07/1200w900h1641553341348979.jpg!605x375.jpg,https://zj.lmjx.net/liqingsabuche/metong/lmt5076glqpb/
山推 SMT50-C6N 铣刨机,https://zj-static.lmjx.net/upload/202106/25/1200w800h1624613619035258.jpg!605x375.jpg,https://zj.lmjx.net/xibaoji/shantui/smt50c6n/
高远圣工 HGY5163GLQ 全自动沥青洒布车,https://img.lmjx.net/zjupload/201612/99/20161216152615_98776.jpg!605x375.jpg,https://zj.lmjx.net/liqingsabuche/gaoyuan/hgy5163glq/
宜迅 YX-350C 混凝土路面液压自行走铣刨机,https://zj-static.lmjx.net/upload/202001/20/790w797h1579482913740121.jpg!605x375.jpg,https://zj.lmjx.net/xibaoji/yixun/yx350/
徐工 XLS403 沥青洒布车,https://zj-static.lmjx.net/upload/202104/25/670w466h1619342509850122.jpg!605x375.jpg,https://zj.lmjx.net/liqingsabuche/xcmg/xls403/
路霸 YX-0206 铣刨机,https://zj-static.lmjx.net/upload/201910/12/750w500h1570858202258741.jpg!605x375.jpg,https://zj.lmjx.net/xibaoji/roadbar/yx0206/
浙江筑马机械 ZZM5181GLQ 沥青洒布车,https://zj-static.lmjx.net/upload/202011/16/1200w900h1605496327047607.jpg!605x375.jpg,https://zj.lmjx.net/liqingsabuche/zhuma/zzm5181glq/
路得威 RWXB21 铣刨机（铣刨回收车）,https://zj-static.lmjx.net/upload/202105/12/900w600h1620801077085326.jpg!605x375.jpg,https://zj.lmjx.net/xibaoji/ludewei/rwxb21/
杭州市政 HZJ5071GLQ 沥青洒布车,https://img.lmjx.net/zjupload/201203/59/20120312104831_45032.jpg!605x375.jpg,https://zj.lmjx.net/liqingsabuche/shuangjian/hzj5071glq/
信德机械 XD-180 路面开槽机,https://img.lmjx.net/zjupload/201608/68/20160805092640_18893.jpg!605x375.jpg,https://zj.lmjx.net/xibaoji/xinde/xd180/
欧亚机械 CA126 沥青洒布车,https://img.lmjx.net/zjupload/201105/45/13044950416159.jpg!605x375.jpg,https://zj.lmjx.net/liqingsabuche/ouya/ca126/
峰源机械 FY-2A 手持式凿毛机,https://img.lmjx.net/zjupload/201505/46/20150514141011_85024.jpg!605x375.jpg,https://zj.lmjx.net/xibaoji/fengyuan/fy2a/
欣融 拖式沥青洒布车 沥青洒布车,https://img.lmjx.net/zjupload/image/201210/21/f_1350027821681627.jpg!605x375.jpg,https://zj.lmjx.net/liqingsabuche/xinrong/13370/
威平 WRS200 铣刨机,https://img.lmjx.net/zjupload/201103/72/20110303123746_31132.jpg!605x375.jpg,https://zj.lmjx.net/xibaoji/weiping/wrs200/
思嘉特 LQS4型 全智能沥青洒布车,https://img.lmjx.net/zjupload/201106/76/13080345754491.jpg!605x375.jpg,https://zj.lmjx.net/liqingsabuche/sijiate/lqs4/
宏大 HD1000M型 铣刨机,https://img.lmjx.net/zjupload/201702/88/20170207161402_79559.jpg!605x375.jpg,https://zj.lmjx.net/xibaoji/hme/hd1000m/
郴筑 CZL5162GLS 沥青洒布车,https://img.lmjx.net/zjupload/201108/5/13141728739867.jpg!605x375.jpg,https://zj.lmjx.net/liqingsabuche/chenzhu/czl5162gls/
北方交通 KFX2000 铣刨机,https://zj-static.lmjx.net/upload/202201/07/448w330h1641545647947842.jpg!605x375.jpg,https://zj.lmjx.net/xibaoji/northtraffic/kfx2000/
达刚控股 DGL5250GLQ-126 智能型(橡胶）沥青洒布车,https://zj-static.lmjx.net/upload/202210/27/1200w800h1666852405307786.jpg!605x375.jpg,https://zj.lmjx.net/liqingsabuche/dagang/dgl5250glq126/
三一重工 SCM2000C-8 铣刨机,https://zj-static.lmjx.net/upload/202009/10/1200w800h1599731935789935.jpg!605x375.jpg,https://zj.lmjx.net/xibaoji/sany/scm2000c8/
美通筑机 LMT5256GLQZ-H 【国六】智能型沥青洒布车,https://zj-static.lmjx.net/upload/202201/07/1200w900h1641553842345740.jpg!605x375.jpg,https://zj.lmjx.net/liqingsabuche/metong/lmt5256glqzh/
维特根 W 125 CFi 国四 冷铣刨机,https://zj-static.lmjx.net/upload/202212/05/1200w800h1670238542062773.jpg!605x375.jpg,https://zj.lmjx.net/xibaoji/wirtgen/w125cfi/
高远圣工 HGY5100GLQ 沥青洒布车,https://img.lmjx.net/zjupload/201805/82/20180507164728_36172.png!605x375.jpg,https://zj.lmjx.net/liqingsabuche/gaoyuan/hgy5100glq/
徐工 XM1205F 中型前输料铣刨机,https://zj-static.lmjx.net/upload/202004/24/750w600h1587721795860089.jpg!605x375.jpg,https://zj.lmjx.net/xibaoji/xcmg/xm1205f/
徐工 XLS80A 沥青洒布车,https://zj-static.lmjx.net/upload/202104/25/670w466h1619342445987324.jpg!605x375.jpg,https://zj.lmjx.net/liqingsabuche/xcmg/xls80a/
宜迅 YX-330D 混凝土路面电动铣刨机,https://zj-static.lmjx.net/upload/202004/17/1000w750h1587105625204047.jpg!605x375.jpg,https://zj.lmjx.net/xibaoji/yixun/yx300/
浙江筑马机械 ZZM5180GLQ 沥青洒布车,https://zj-static.lmjx.net/upload/202011/16/1200w900h1605496086222482.jpg!605x375.jpg,https://zj.lmjx.net/liqingsabuche/zhuma/zzm5180glq/
路霸 QXY-300D 电动液压中型铣刨机柴油铣刨机,https://zj-static.lmjx.net/upload/201910/10/790w790h1570693707374702.jpg!605x375.jpg,https://zj.lmjx.net/xibaoji/roadbar/qxy300/
杭州市政 HZJ5080GLQ 沥青洒布车,https://zj-static.lmjx.net/www/userfiles/Image/cn_b_2_34.jpg!605x375.jpg,https://zj.lmjx.net/liqingsabuche/shuangjian/hzj5080glq/
路得威 RWXB21H 混凝土地面铣刨机（铣刨回收车）,https://zj-static.lmjx.net/upload/202104/06/1200w800h1617700089721921.jpg!605x375.jpg,https://zj.lmjx.net/xibaoji/ludewei/rwxb21h1/
欧亚机械 CA 106 沥青洒布车,https://img.lmjx.net/zjupload/201105/19/13044950025736.jpg!605x375.jpg,https://zj.lmjx.net/liqingsabuche/ouya/ca106/
信德机械 XD-300D 小型铣刨机,https://img.lmjx.net/zjupload/201608/88/20160804113242_24499.jpg!605x375.jpg,https://zj.lmjx.net/xibaoji/xinde/xd300d/
欣融 沥青泵 保温型沥青泵,https://img.lmjx.net/zjupload/image/201208/72/f_1346122772319337.jpg!605x375.jpg,https://zj.lmjx.net/liqingsabuche/xinrong/13242/
峰源机械 FY-280E 电动铣刨机,https://img.lmjx.net/zjupload/201505/51/20150514134607_44240.jpg!605x375.jpg,https://zj.lmjx.net/xibaoji/fengyuan/fy280e/
思嘉特 LQS7型 全智能沥青洒布车,https://img.lmjx.net/zjupload/201106/33/13080345005453.jpg!605x375.jpg,https://zj.lmjx.net/liqingsabuche/sijiate/lqs7/
威平 WRS190 铣刨机,https://img.lmjx.net/zjupload/201103/65/12991268931540.jpg!605x375.jpg,https://zj.lmjx.net/xibaoji/weiping/wrs190/
郴筑 CZL5161GLS 智能型沥青洒布车,https://img.lmjx.net/zjupload/201108/55/13141728013789.jpg!605x375.jpg,https://zj.lmjx.net/liqingsabuche/chenzhu/czl5161gls/
维特根 W 155 CFi 国四冷铣刨机,https://zj-static.lmjx.net/upload/202301/10/1028w685h1673345950291769.jpg!605x375.jpg,https://zj.lmjx.net/xibaoji/wirtgen/w155cfi/
达刚控股 DGL5250GLQ-126A 智能型(橡胶）沥青洒布车,https://zj-static.lmjx.net/upload/202210/27/1200w800h1666852405307786.jpg!605x375.jpg,https://zj.lmjx.net/liqingsabuche/dagang/dgl5250glq126a/
徐工 XM1305F 中型前输料铣刨机,https://zj-static.lmjx.net/upload/202303/03/800w533h1677825602111968.jpg!605x375.jpg,https://zj.lmjx.net/xibaoji/xcmg/xm1305f/
美通筑机 LMT5186GLQZ-B 【国六】智能型沥青洒布车,https://zj-static.lmjx.net/upload/202201/07/1200w900h1641553779720185.jpg!605x375.jpg,https://zj.lmjx.net/liqingsabuche/metong/lmt5186glqzb/
宜迅 YX-350C 无尘铣刨机,https://zj-static.lmjx.net/upload/202105/25/600w560h1621935894307131.jpg!605x375.jpg,https://zj.lmjx.net/xibaoji/yixun/yx350c1/
徐工 XLS50A 沥青洒布车,https://zj-static.lmjx.net/upload/202104/25/670w466h1619342418009072.jpg!605x375.jpg,https://zj.lmjx.net/liqingsabuche/xcmg/xls50a/
路霸 RTSM-250D 铣刨机,https://img.lmjx.net/zjupload/201708/63/20170817135535_49487.jpg!605x375.jpg,https://zj.lmjx.net/xibaoji/roadbar/rtsm250d/
浙江筑马机械 ZZM5141GLQ 6.5m3沥青洒布车,https://zj-static.lmjx.net/upload/202304/17/516w344h1681714850333795.jpg!605x375.jpg,https://zj.lmjx.net/liqingsabuche/zhuma/zzm5141glq/
峰源机械 FY300 路面铣刨机,https://img.lmjx.net/zjupload/201505/85/20150514113635_94953.jpg!605x375.jpg,https://zj.lmjx.net/xibaoji/fengyuan/fy300.4/
杭州市政 HZJ5100GLQ 沥青洒布车,https://zj-static.lmjx.net/www/RemotePhoto/2007-11/2007111614462811524.gif,https://zj.lmjx.net/liqingsabuche/shuangjian/hzj5100glq/
维特根 W 185 CFi 国四冷铣刨机,https://zj-static.lmjx.net/upload/202212/05/1200w800h1670239245291558.jpg!605x375.jpg,https://zj.lmjx.net/xibaoji/wirtgen/w185cfi/
欧亚机械 EA 860 沥青洒布车,https://img.lmjx.net/zjupload/201105/1/13044949407200.jpg!605x375.jpg,https://zj.lmjx.net/liqingsabuche/ouya/ea860/
徐工 XM2005K 大型铣刨机,https://zj-static.lmjx.net/upload/202401/04/1200w811h1704351346048150.jpg!605x375.jpg,https://zj.lmjx.net/xibaoji/xcmg/xm2005k/
欣融 SLS5140GLQ 7方智能型沥青洒布车,https://img.lmjx.net/zjupload/201804/8/20180424162056_55093.jpg!605x375.jpg,https://zj.lmjx.net/liqingsabuche/xinrong/sls5140glq.4/
宜迅 YX-350CF 铣刨 凿毛一体机,https://zj-static.lmjx.net/upload/202004/17/750w750h1587105918114905.jpg!605x375.jpg,https://zj.lmjx.net/xibaoji/yixun/yx350cf1/
思嘉特 LQS8型 全智能沥青洒布车,https://img.lmjx.net/zjupload/201106/11/13080344018920.jpg!605x375.jpg,https://zj.lmjx.net/liqingsabuche/sijiate/lqs8/
路霸 RTSM-250 铣刨机,https://img.lmjx.net/zjupload/201708/47/20170817134552_65135.jpg!605x375.jpg,https://zj.lmjx.net/xibaoji/roadbar/rtsm250/
郴筑 CZL5203GLS 智能型沥青洒布车,https://img.lmjx.net/zjupload/201108/7/13141727331109.jpg!605x375.jpg,https://zj.lmjx.net/liqingsabuche/chenzhu/czl5203gls/
峰源机械 FY-300 混凝土路面铣刨机,https://img.lmjx.net/zjupload/201505/3/20150514112506_73925.jpg!605x375.jpg,https://zj.lmjx.net/xibaoji/fengyuan/fy300/
达刚控股 DGL5250GLQ-A124 橡胶粉智能沥青洒布车,https://zj-static.lmjx.net/upload/201906/26/508w402h1561538258316906.jpg!605x375.jpg,https://zj.lmjx.net/liqingsabuche/dagang/dgl5250glqa124/
维特根 W 195 i 国四冷铣刨机,https://zj-static.lmjx.net/upload/202212/05/1200w800h1670239444507834.jpg!605x375.jpg,https://zj.lmjx.net/xibaoji/wirtgen/w195i/
美通筑机 LMT5126GLQZ-B 【国六】智能型沥青洒布车,https://zj-static.lmjx.net/upload/202201/07/1200w900h1641553459071615.jpg!605x375.jpg,https://zj.lmjx.net/liqingsabuche/metong/lmt5126glqzb/
徐工 XM2005 大型铣刨机,https://zj-static.lmjx.net/upload/202303/03/937w625h1677826048363823.jpg!605x375.jpg,https://zj.lmjx.net/xibaoji/xcmg/xm2005/
浙江筑马机械 ZZM5140GLQ 7m3沥青洒布车,https://zj-static.lmjx.net/upload/202304/17/516w344h1681714461419764.jpg!605x375.jpg,https://zj.lmjx.net/liqingsabuche/zhuma/zzm5140glq/
宜迅 YX-250D 小型电动铣刨机,https://zj-static.lmjx.net/upload/201910/22/800w800h1571733369045381.jpg!605x375.jpg,https://zj.lmjx.net/xibaoji/yixun/yx250e/
杭州市政 HZJ5160GLQ 沥青洒布车,https://zj-static.lmjx.net/www/userfiles/Image/cn_b_2_30.jpg!605x375.jpg,https://zj.lmjx.net/liqingsabuche/shuangjian/hzj5160glq/
峰源机械 FY400 高强度混凝土路面铣刨机,https://img.lmjx.net/zjupload/201505/95/20150514111321_28003.jpg!605x375.jpg,https://zj.lmjx.net/xibaoji/fengyuan/fy400.2/
欧亚机械 ES545 /EM860 沥青洒布车,https://img.lmjx.net/zjupload/201105/78/13044948753164.jpg!605x375.jpg,https://zj.lmjx.net/liqingsabuche/ouya/es545em860/
维特根 W 205 i 国四冷铣刨机,https://zj-static.lmjx.net/upload/202212/05/1200w800h1670239612043077.jpg!605x375.jpg,https://zj.lmjx.net/xibaoji/wirtgen/w205i/
欣融 DFA5080GLQ 普通型沥青洒布车,https://img.lmjx.net/zjupload/image/201207/15/f_1343626515824876.jpg!605x375.jpg,https://zj.lmjx.net/liqingsabuche/xinrong/dfa5080glq/
徐工 XM1005K 中型铣刨机,https://zj-static.lmjx.net/upload/202303/03/1000w667h1677826164089980.jpg!605x375.jpg,https://zj.lmjx.net/xibaoji/xcmg/xm1005k/
思嘉特 LQS12型 全智能沥青洒布车,https://img.lmjx.net/zjupload/201106/47/13080343096039.jpg!605x375.jpg,https://zj.lmjx.net/liqingsabuche/sijiate/lqs12/
宜迅 YX-250C 铣刨机,https://zj-static.lmjx.net/upload/201910/23/800w800h1571797163838592.jpg!605x375.jpg,https://zj.lmjx.net/xibaoji/yixun/yx250c/
郴筑 CZL5243GLS 智能型沥青洒布车,https://img.lmjx.net/zjupload/201108/54/13141726915865.jpg!605x375.jpg,https://zj.lmjx.net/liqingsabuche/chenzhu/czl5243gls/
峰源机械 FY-400 进口型铣刨机,https://img.lmjx.net/zjupload/201505/13/20150514105958_22157.jpg!605x375.jpg,https://zj.lmjx.net/xibaoji/fengyuan/fy400/
达刚控股 DGL5250GLQ-125A 橡胶粉智能沥青洒布车,https://zj-static.lmjx.net/upload/201906/26/508w402h1561538258316906.jpg!605x375.jpg,https://zj.lmjx.net/liqingsabuche/dagang/dgl5250glq125a/
维特根 W 215 i 国四冷铣刨机,https://zj-static.lmjx.net/upload/202212/05/1200w800h1670239760869693.jpg!605x375.jpg,https://zj.lmjx.net/xibaoji/wirtgen/w215i/
浙江筑马机械 ZZM5120GLQ 沥青洒布车,https://zj-static.lmjx.net/upload/202011/16/1200w900h1605495741270853.jpg!605x375.jpg,https://zj.lmjx.net/liqingsabuche/zhuma/zzm5120glq/
徐工 XM1305K 中型铣刨机,https://zj-static.lmjx.net/upload/202303/03/624w416h1677826293992622.jpg!605x375.jpg,https://zj.lmjx.net/xibaoji/xcmg/xm1305k/
欣融 SLS5070GLQ 3方普通型沥青洒布车,https://img.lmjx.net/zjupload/201804/86/20180425111940_91841.jpg!605x375.jpg,https://zj.lmjx.net/liqingsabuche/xinrong/sls5070glq/
宜迅 YX-Q250D 铣刨机,https://zj-static.lmjx.net/upload/202006/02/790w516h1591060919428441.jpg!605x375.jpg,https://zj.lmjx.net/xibaoji/yixun/yxq250d/
思嘉特 LQS10型 沥青洒布车,https://img.lmjx.net/zjupload/201106/30/13080341895572.jpg!605x375.jpg,https://zj.lmjx.net/liqingsabuche/sijiate/lqs10/
峰源机械 FYZ-300 重型铣刨机,https://img.lmjx.net/zjupload/201505/66/20150514105051_79513.jpg!605x375.jpg,https://zj.lmjx.net/xibaoji/fengyuan/fyz300/
郴筑 CZL5253GLS 智能型沥青洒布车,https://img.lmjx.net/zjupload/201108/86/13141726377088.jpg!605x375.jpg,https://zj.lmjx.net/liqingsabuche/chenzhu/czl5253gls/
徐工 XM503K 小型铣刨机,https://zj-static.lmjx.net/upload/201904/19/1000w695h1555663401879762.jpg!605x375.jpg,https://zj.lmjx.net/xibaoji/xcmg/xm503k/
达刚控股 4000L 沥青洒布车,https://zj-static.lmjx.net/upload/201906/26/540w348h1561537111975732.jpg!605x375.jpg,https://zj.lmjx.net/liqingsabuche/dagang/4000l/
宜迅 YX-500C 铣刨机,https://zj-static.lmjx.net/upload/202101/08/1200w800h1610093047592968.jpg!605x375.jpg,https://zj.lmjx.net/xibaoji/yixun/yx500c6/
浙江筑马机械 ZZM5110GLQ 沥青洒布车,https://zj-static.lmjx.net/upload/202011/16/1200w900h1605494099362868.jpg!605x375.jpg,https://zj.lmjx.net/liqingsabuche/zhuma/zzm5110glq/
徐工 XM200 路面铣刨机,https://zj-static.lmjx.net/upload/201904/19/1000w695h1555663027233285.jpg!605x375.jpg,https://zj.lmjx.net/xibaoji/xcmg/xm200.575/
欣融 一控一型型 沥青洒布车,https://img.lmjx.net/zjupload/image/201607/21/f_1469257721249772.jpg!605x375.jpg,https://zj.lmjx.net/liqingsabuche/xinrong/11979/
宜迅 YX-500C 铣刨机,https://zj-static.lmjx.net/upload/202101/08/1200w800h1610093047592968.jpg!605x375.jpg,https://zj.lmjx.net/xibaoji/yixun/yx500c5/
郴筑 CZL5101GLQ 沥青洒布车,https://zj-static.lmjx.net/upload/202105/07/355w220h1620353418884828.jpg!605x375.jpg,https://zj.lmjx.net/liqingsabuche/chenzhu/czl5101glq/
徐工 XM353 路面冷铣刨机,https://zj-static.lmjx.net/upload/201904/19/1000w695h1555662581055950.jpg!605x375.jpg,https://zj.lmjx.net/xibaoji/xcmg/xm353/
浙江筑马机械 ZZM5040GLQ 城市经典蓝牌3m3沥青洒布车,https://zj-static.lmjx.net/upload/202304/14/1200w800h1681455163505565.jpg!605x375.jpg,https://zj.lmjx.net/liqingsabuche/zhuma/zzm5040glq/
宜迅 YX-500C 铣刨机,https://zj-static.lmjx.net/upload/202101/08/1200w800h1610093047592968.jpg!605x375.jpg,https://zj.lmjx.net/xibaoji/yixun/yx500c4/
郴筑 CZL5043GLS 沥青洒布车,https://zj-static.lmjx.net/upload/202104/14/400w245h1618368097706100.jpg!605x375.jpg,https://zj.lmjx.net/liqingsabuche/chenzhu/czl5043gls/
徐工 XM1303K 铣刨机,https://zj-static.lmjx.net/upload/201904/19/1000w695h1555663879395560.jpg!605x375.jpg,https://zj.lmjx.net/xibaoji/xcmg/xm1303k/
郴筑 CZL5081GLS 沥青洒布车,https://zj-static.lmjx.net/www/RemotePhoto/2008-5/200851921243066698.jpg!605x375.jpg,https://zj.lmjx.net/liqingsabuche/chenzhu/czl5081gls/
宜迅 YX-500C 铣刨机,https://zj-static.lmjx.net/upload/202101/08/1200w800h1610093047592968.jpg!605x375.jpg,https://zj.lmjx.net/xibaoji/yixun/yx500c3/
郴筑 CZL5113GLQ 沥青洒布车,https://zj-static.lmjx.net/www/RemotePhoto/2008-5/200851921224154251.jpg!605x375.jpg,https://zj.lmjx.net/liqingsabuche/chenzhu/czl5113glq/
徐工 XM503 小型铣刨机,https://zj-static.lmjx.net/upload/201904/19/1000w695h1555663782922045.jpg!605x375.jpg,https://zj.lmjx.net/xibaoji/xcmg/xm503/
郴筑 CZL5106GLS 沥青洒布车,https://zj-static.lmjx.net/www/RemotePhoto/2008-5/200851921293387326.jpg!605x375.jpg,https://zj.lmjx.net/liqingsabuche/chenzhu/czl5106gls/
宜迅 YX-500C 铣刨机,https://zj-static.lmjx.net/upload/202101/08/1200w800h1610093047592968.jpg!605x375.jpg,https://zj.lmjx.net/xibaoji/yixun/yx500c2/
郴筑 CZL5152GLS 沥青洒布车,https://zj-static.lmjx.net/upload/202105/07/400w249h1620353489569879.jpg!605x375.jpg,https://zj.lmjx.net/liqingsabuche/chenzhu/czl5152gls/
徐工 XM1003K 铣刨机,https://zj-static.lmjx.net/upload/201904/19/1000w695h1555662727828152.jpg!605x375.jpg,https://zj.lmjx.net/xibaoji/xcmg/xm1003k/
郴筑 CZL5154GLS 沥青洒布车,https://zj-static.lmjx.net/upload/202105/07/535w332h1620353553233233.jpg!605x375.jpg,https://zj.lmjx.net/liqingsabuche/chenzhu/czl5154gls/
宜迅 YX-500C 铣刨机,https://zj-static.lmjx.net/upload/202101/08/1200w800h1610093047592968.jpg!605x375.jpg,https://zj.lmjx.net/xibaoji/yixun/yx500c1/
郴筑 CZL5151GLS智能型 沥青洒布车,https://zj-static.lmjx.net/upload/202105/07/400w220h1620353453818293.jpg!605x375.jpg,https://zj.lmjx.net/liqingsabuche/chenzhu/czl5151gls/
徐工 XM1003 铣刨机,https://zj-static.lmjx.net/upload/201904/19/1000w695h1555663685245204.jpg!605x375.jpg,https://zj.lmjx.net/xibaoji/xcmg/xm1003/
郴筑 CZL5153GLS智能型 沥青洒布车,https://zj-static.lmjx.net/upload/202105/07/594w363h1620353519625209.jpg!605x375.jpg,https://zj.lmjx.net/liqingsabuche/chenzhu/czl5153gls/
宜迅 YX- 500D 自行式电动铣刨机,https://zj-static.lmjx.net/upload/202101/08/1200w800h1610093766249503.jpg!605x375.jpg,https://zj.lmjx.net/xibaoji/yixun/yx500d2/
郴筑 CZL5210GLQ 智能型沥青洒布车,https://zj-static.lmjx.net/www/RemotePhoto/2008-5/200851921164223919.jpg!605x375.jpg,https://zj.lmjx.net/liqingsabuche/chenzhu/czl5210glq/
徐工 XM200K 路面铣刨机,https://zj-static.lmjx.net/upload/201904/19/1000w695h1555662899249108.jpg!605x375.jpg,https://zj.lmjx.net/xibaoji/xcmg/xm200k.1/
郴筑 CZL5250GLS 智能型沥青洒布车,https://zj-static.lmjx.net/www/RemotePhoto/2008-5/200851921155642005.jpg!605x375.jpg,https://zj.lmjx.net/liqingsabuche/chenzhu/czl5250gls/
宜迅 YX- 500D 自行式电动铣刨机,https://zj-static.lmjx.net/upload/202101/08/1200w800h1610093766249503.jpg!605x375.jpg,https://zj.lmjx.net/xibaoji/yixun/yx500d1/
徐工 XM120F 中型铣刨机,https://img.lmjx.net/zjupload/201707/46/20170721172330_14589.jpg!605x375.jpg,https://zj.lmjx.net/xibaoji/xcmg/xm120f.9/
宜迅 YX-350CF 铣刨 凿毛一体机,https://zj-static.lmjx.net/upload/202001/17/790w797h1579222526897818.jpg!605x375.jpg,https://zj.lmjx.net/xibaoji/yixun/yx350cf/
徐工 XM200E 大型铣刨机,https://img.lmjx.net/zjupload/201707/92/20170721173225_13541.jpg!605x375.jpg,https://zj.lmjx.net/xibaoji/xcmg/xm200e/
宜迅 YX-0206 铣刨机,https://zj-static.lmjx.net/upload/201910/12/750w500h1570857547417598.jpg!605x375.jpg,https://zj.lmjx.net/xibaoji/yixun/yx0206/
宜迅 YX-300D 铣刨机,https://zj-static.lmjx.net/upload/201910/08/2976w3968h1570515460207698.jpg!605x375.jpg,https://zj.lmjx.net/xibaoji/yixun/yx300d1/
宜迅 YX-300D 铣刨机,https://zj-static.lmjx.net/upload/201910/08/2976w3968h1570515460207698.jpg!605x375.jpg,https://zj.lmjx.net/xibaoji/yixun/yx300d/
宜迅 YX-300C 铣刨机,https://zj-static.lmjx.net/upload/202001/16/790w790h1579137127849438.jpg!605x375.jpg,https://zj.lmjx.net/xibaoji/yixun/yx300c/
宜迅 YX-250Q 小型汽油铣刨机,https://zj-static.lmjx.net/upload/201910/22/800w800h1571734100982813.jpg!605x375.jpg,https://zj.lmjx.net/xibaoji/yixun/yx250/
